ts,close
1782999000,7514.3501
1782999300,7514.3701
1782999600,7526.2100
1782999900,7533.5498
1783000200,7534.0298
1783000500,7534.9902
1783000800,7535.7500
1783001100,7530.5298
1783001400,7537.4702
1783001700,7534.8198
1783002000,7523.6602
1783002300,7507.5400
1783002600,7510.0098
1783002900,7511.8901
1783003200,7495.3501
1783003500,7499.3999
1783003800,7492.3501
1783004100,7503.8501
1783004400,7487.8198
1783004700,7480.1802
1783005000,7487.8398
1783005300,7472.7300
1783005600,7485.5400
1783005900,7476.6299
1783006200,7488.0200
1783006500,7489.6001
1783006800,7480.9199
1783007100,7475.7598
1783007400,7472.7798
1783007700,7473.7500
1783008000,7470.6299
1783008300,7465.8398
1783008600,7472.3501
1783008900,7467.9800
1783009200,7462.1001
1783009500,7462.0400
1783009800,7455.1802
1783010100,7453.2798
1783010400,7459.7100
1783010700,7456.4502
1783011000,7455.4800
1783011300,7448.7100
1783011600,7435.8599
1783011900,7442.0098
1783012200,7444.2100
1783012500,7441.3901
1783012800,7440.6899
1783013100,7442.7202
1783013400,7441.4702
1783013700,7434.1299
1783014000,7437.2798
1783014300,7433.2300
1783014600,7436.5498
1783014900,7429.3198
1783015200,7436.3799
1783015500,7451.6099
1783015800,7449.5801
1783016100,7444.0601
1783016400,7448.6401
1783016700,7454.3999
1783017000,7456.1802
1783017300,7458.3599
1783017600,7457.6001
1783017900,7459.6299
1783018200,7455.9902
1783018500,7456.8198
1783018800,7443.3501
1783019100,7445.9702
1783019400,7447.6802
1783019700,7446.0698
1783020000,7443.3599
1783020300,7450.4302
1783020600,7456.3398
1783020900,7458.2100
1783021200,7459.9502
1783021500,7460.2202
1783021800,7472.2700
1783022100,7477.6299
1783344600,7519.7998
1783344900,7510.3101
1783345200,7512.8799
1783345500,7516.1099
1783345800,7516.8501
1783346100,7510.9702
1783346400,7511.5498
1783346700,7515.5498
1783347000,7521.7598
1783347300,7519.6499
1783347600,7523.5400
1783347900,7526.3101
1783348200,7524.6899
1783348500,7523.7900
1783348800,7524.2900
1783349100,7525.0601
1783349400,7526.2002
1783349700,7529.3799
1783350000,7528.6401
1783350300,7529.1099
1783350600,7528.2598
1783350900,7527.3901
1783351200,7530.9199
1783351500,7535.1899
1783351800,7534.1602
1783352100,7533.6201
1783352400,7535.5898
1783352700,7536.3398
1783353000,7534.2202
1783353300,7536.0298
1783353600,7535.4702
1783353900,7536.6401
1783354200,7537.6802
1783354500,7537.6001
1783354800,7536.4399
1783355100,7533.7700
1783355400,7533.8901
1783355700,7533.7798
1783356000,7534.5601
1783356300,7537.9399
1783356600,7533.8398
1783356900,7532.1699
1783357200,7536.2002
1783357500,7541.7100
1783357800,7540.5200
1783358100,7538.3101
1783358400,7537.2300
1783358700,7534.5000
1783359000,7530.7500
1783359300,7530.5498
1783359600,7528.1299
1783359900,7530.2798
1783360200,7528.0898
1783360500,7528.5200
1783360800,7534.0200
1783361100,7536.7598
1783361400,7537.2598
1783361700,7541.2202
1783362000,7542.5000
1783362300,7540.7700
1783362600,7538.7700
1783362900,7538.2798
1783363200,7540.3398
1783363500,7543.3701
1783363800,7545.6602
1783364100,7546.6802
1783364400,7546.6401
1783364700,7545.8901
1783365000,7545.8101
1783365300,7549.0801
1783365600,7550.8501
1783365900,7550.3999
1783366200,7547.5898
1783366500,7546.8101
1783366800,7547.6899
1783367100,7546.5898
1783367400,7538.9902
1783367700,7538.3398
1783431000,7520.1499
1783431300,7522.2700
1783431600,7528.2598
1783431900,7523.3198
1783432200,7515.8398
1783432500,7514.9302
1783432800,7511.6001
1783433100,7508.6699
1783433400,7496.6201
1783433700,7500.7998
1783434000,7492.2900
1783434300,7493.0000
1783434600,7489.7798
1783434900,7485.7402
1783435200,7483.4102
1783435500,7487.7002
1783435800,7492.2202
1783436100,7490.9902
1783436400,7489.3501
1783436700,7491.5898
1783437000,7487.0698
1783437300,7485.4702
1783437600,7485.0000
1783437900,7489.3999
1783438200,7486.2798
1783438500,7482.9399
1783438800,7490.5298
1783439100,7493.6899
1783439400,7497.1499
1783439700,7500.4399
1783440000,7503.3501
1783440300,7502.0898
1783440600,7507.8101
1783440900,7507.7402
1783441200,7512.7202
1783441500,7516.0098
1783441800,7513.6602
1783442100,7515.1802
1783442400,7515.9702
1783442700,7518.2998
1783443000,7515.2900
1783443300,7516.8198
1783443600,7519.0601
1783443900,7518.7002
1783444200,7515.7500
1783444500,7513.1499
1783444800,7517.0698
1783445100,7516.0098
1783445400,7517.9800
1783445700,7518.6499
1783446000,7518.3599
1783446300,7516.6201
1783446600,7515.2900
1783446900,7518.9399
1783447200,7518.6099
1783447500,7516.5200
1783447800,7517.0400
1783448100,7518.1201
1783448400,7518.4702
1783448700,7516.6602
1783449000,7514.0801
1783449300,7516.4502
1783449600,7513.7998
1783449900,7508.0298
1783450200,7503.7100
1783450500,7501.7002
1783450800,7498.4199
1783451100,7493.6401
1783451400,7494.4800
1783451700,7492.6201
1783452000,7496.5801
1783452300,7493.2598
1783452600,7499.2002
1783452900,7493.8901
1783453200,7491.4600
1783453500,7496.3599
1783453800,7503.7598
1783454100,7503.3599
1783517400,7460.9102
1783517700,7466.8198
1783518000,7471.1699
1783518300,7463.6899
1783518600,7464.1602
1783518900,7467.4502
1783519200,7464.2998
1783519500,7469.3599
1783519800,7459.1201
1783520100,7458.2002
1783520400,7464.1802
1783520700,7458.4600
1783521000,7459.6499
1783521300,7448.5000
1783521600,7451.3398
1783521900,7439.4399
1783522200,7448.6802
1783522500,7445.3198
1783522800,7441.2998
1783523100,7440.9399
1783523400,7437.3198
1783523700,7439.2798
1783524000,7427.7900
1783524300,7425.9702
1783524600,7432.8599
1783524900,7432.4800
1783525200,7433.2100
1783525500,7431.5400
1783525800,7430.0400
1783526100,7432.7998
1783526400,7438.1001
1783526700,7443.0200
1783527000,7449.0098
1783527300,7452.3701
1783527600,7453.7998
1783527900,7457.8198
1783528200,7457.4800
1783528500,7458.6602
1783528800,7466.5200
1783529100,7469.5098
1783529400,7471.0298
1783529700,7474.2998
1783530000,7470.3999
1783530300,7470.0298
1783530600,7469.8101
1783530900,7476.4199
1783531200,7481.7598
1783531500,7484.4502
1783531800,7483.6299
1783532100,7480.2202
1783532400,7476.5400
1783532700,7470.6699
1783533000,7471.7700
1783533300,7470.6299
1783533600,7479.7402
1783533900,7479.9102
1783534200,7480.1602
1783534500,7478.8701
1783534800,7476.2300
1783535100,7474.1699
1783535400,7471.3799
1783535700,7478.8901
1783536000,7477.7998
1783536300,7479.8501
1783536600,7478.6899
1783536900,7480.2798
1783537200,7479.8198
1783537500,7480.2202
1783537800,7476.1099
1783538100,7475.4800
1783538400,7477.1899
1783538700,7479.0000
1783539000,7476.5801
1783539300,7478.8501
1783539600,7480.2300
1783539900,7474.7700
1783540200,7483.3501
1783540500,7481.4600
1783603800,7500.3501
1783604100,7507.7598
1783604400,7509.6602
1783604700,7507.7300
1783605000,7516.2700
1783605300,7513.8198
1783605600,7513.8101
1783605900,7507.2998
1783606200,7502.8501
1783606500,7488.3599
1783606800,7495.2402
1783607100,7506.3398
1783607400,7502.5601
1783607700,7510.8101
1783608000,7505.7798
1783608300,7506.7002
1783608600,7506.3198
1783608900,7513.7100
1783609200,7515.4199
1783609500,7521.9502
1783609800,7519.2300
1783610100,7518.9902
1783610400,7526.0400
1783610700,7525.0200
1783611000,7522.9199
1783611300,7525.6001
1783611600,7527.9199
1783611900,7528.2402
1783612200,7526.2598
1783612500,7525.8799
1783612800,7530.5298
1783613100,7531.2002
1783613400,7531.6001
1783613700,7532.2900
1783614000,7534.8501
1783614300,7533.6299
1783614600,7531.6602
1783614900,7532.8198
1783615200,7533.8799
1783615500,7532.0000
1783615800,7531.3198
1783616100,7530.8398
1783616400,7534.5400
1783616700,7538.1001
1783617000,7539.1699
1783617300,7542.2598
1783617600,7541.8101
1783617900,7544.8398
1783618200,7543.6299
1783618500,7544.6802
1783618800,7544.3198
1783619100,7545.5000
1783619400,7544.8101
1783619700,7543.2500
1783620000,7542.7700
1783620300,7544.3701
1783620600,7545.0400
1783620900,7543.8301
1783621200,7541.1499
1783621500,7541.8501
1783621800,7540.1499
1783622100,7538.8398
1783622400,7540.6499
1783622700,7540.1099
1783623000,7538.5601
1783623300,7537.8501
1783623600,7535.3599
1783623900,7534.9199
1783624200,7535.8901
1783624500,7540.4399
1783624800,7538.8799
1783625100,7537.9302
1783625400,7538.2002
1783625700,7539.9600
1783626000,7541.4902
1783626300,7539.4399
1783626600,7535.4800
1783626900,7542.2798
1783690200,7553.2998
1783690500,7551.8398
1783690800,7548.0801
1783691100,7556.8701
1783691400,7556.1602
1783691700,7555.3599
1783692000,7557.6001
1783692300,7557.5000
1783692600,7553.4800
1783692900,7552.1099
1783693200,7551.3799
1783693500,7552.1201
1783693800,7534.6602
1783694100,7543.0000
1783694400,7547.4502
1783694700,7549.7700
1783695000,7545.1899
1783695300,7538.1299
1783695600,7535.5000
1783695900,7542.9199
1783696200,7544.8198
1783696500,7553.2598
1783696800,7556.7002
1783697100,7558.7300
1783697400,7556.4102
1783697700,7550.2002
1783698000,7546.5498
1783698300,7551.1201
1783698600,7554.4600
1783698900,7554.2798
1783699200,7558.1001
1783699500,7555.7798
1783699800,7558.3198
1783700100,7562.0298
1783700400,7560.2500
1783700700,7558.2402
1783701000,7561.5498
1783701300,7559.1699
1783701600,7562.4302
1783701900,7564.7002
1783702200,7566.3398
1783702500,7566.3799
1783702800,7563.2700
1783703100,7562.5601
1783703400,7564.1602
1783703700,7564.8901
1783704000,7565.6699
1783704300,7566.2900
1783704600,7566.6099
1783704900,7568.8999
1783705200,7567.9399
1783705500,7569.2700
1783705800,7568.8301
1783706100,7566.4399
1783706400,7566.7402
1783706700,7568.9302
1783707000,7569.2998
1783707300,7568.3799
1783707600,7569.6699
1783707900,7570.3799
1783708200,7571.7402
1783708500,7570.2500
1783708800,7571.1001
1783709100,7570.9702
1783709400,7571.7798
1783709700,7571.2598
1783710000,7575.8398
1783710300,7575.3301
1783710600,7577.4399
1783710900,7576.4702
1783711200,7575.6099
1783711500,7575.6401
1783711800,7575.7998
1783712100,7576.8599
1783712400,7576.5400
1783712700,7577.3901
1783713000,7577.3198
1783713300,7575.3799
1783949400,7559.7998
1783949700,7558.0698
1783950000,7555.6001
1783950300,7554.5400
1783950600,7551.6802
1783950900,7561.7598
1783951200,7553.2402
1783951500,7553.4302
1783951800,7558.8999
1783952100,7543.8198
1783952400,7553.7100
1783952700,7556.9102
1783953000,7551.9199
1783953300,7548.4502
1783953600,7541.2598
1783953900,7550.0000
1783954200,7543.2500
1783954500,7553.7700
1783954800,7549.9399
1783955100,7548.3101
1783955400,7546.9902
1783955700,7548.9302
1783956000,7550.6401
1783956300,7549.8501
1783956600,7548.1401
1783956900,7547.2998
1783957200,7543.9600
1783957500,7543.1699
1783957800,7542.2300
1783958100,7538.2900
1783958400,7537.1201
1783958700,7540.8901
1783959000,7540.5601
1783959300,7534.7700
1783959600,7532.7002
1783959900,7528.7002
1783960200,7522.0698
1783960500,7525.0200
1783960800,7528.4902
1783961100,7525.3799
1783961400,7520.2598
1783961700,7524.3599
1783962000,7524.4800
1783962300,7529.6099
1783962600,7526.3901
1783962900,7527.9199
1783963200,7522.6401
1783963500,7523.5400
1783963800,7524.8398
1783964100,7522.3198
1783964400,7525.2700
1783964700,7522.0601
1783965000,7519.7402
1783965300,7518.0698
1783965600,7522.1201
1783965900,7522.2900
1783966200,7523.6802
1783966500,7517.5601
1783966800,7520.9902
1783967100,7518.1299
1783967400,7518.3198
1783967700,7522.6602
1783968000,7524.1201
1783968300,7523.3599
1783968600,7523.8599
1783968900,7521.5601
1783969200,7524.0298
1783969500,7520.4902
1783969800,7518.1401
1783970100,7517.8599
1783970400,7515.0098
1783970700,7509.2300
1783971000,7511.4902
1783971300,7507.7998
1783971600,7514.3799
1783971900,7513.9800
1783972200,7516.4199
1783972500,7515.8999
1784035800,7522.6602
1784036100,7538.6899
1784036400,7539.7900
1784036700,7535.9702
1784037000,7538.2900
1784037300,7539.8198
1784037600,7531.2100
1784037900,7528.8301
1784038200,7530.1602
1784038500,7524.6602
1784038800,7527.5498
1784039100,7533.8599
1784039400,7547.0601
1784039700,7545.7500
1784040000,7538.0498
1784040300,7534.4902
1784040600,7542.1001
1784040900,7543.0601
1784041200,7550.5298
1784041500,7555.0200
1784041800,7552.0898
1784042100,7546.0098
1784042400,7551.3101
1784042700,7552.9399
1784043000,7546.6299
1784043300,7545.0400
1784043600,7542.3701
1784043900,7542.8799
1784044200,7536.7700
1784044500,7536.6001
1784044800,7529.3101
1784045100,7531.1602
1784045400,7531.7500
1784045700,7530.7500
1784046000,7529.9800
1784046300,7534.4600
1784046600,7537.2500
1784046900,7539.1099
1784047200,7541.1802
1784047500,7540.0000
1784047800,7541.1602
1784048100,7544.7700
1784048400,7543.7798
1784048700,7547.3999
1784049000,7544.7798
1784049300,7547.2300
1784049600,7550.9902
1784049900,7549.5801
1784050200,7546.9302
1784050500,7547.4399
1784050800,7546.6899
1784051100,7547.3701
1784051400,7548.5898
1784051700,7548.8198
1784052000,7550.7500
1784052300,7550.7500
1784052600,7552.3301
1784052900,7552.2998
1784053200,7550.5400
1784053500,7551.1802
1784053800,7551.1001
1784054100,7550.1099
1784054400,7546.8198
1784054700,7546.3198
1784055000,7549.1001
1784055300,7548.3999
1784055600,7545.8198
1784055900,7545.8501
1784056200,7547.1802
1784056500,7547.6699
1784056800,7550.5298
1784057100,7547.6802
1784057400,7546.5200
1784057700,7545.4199
1784058000,7548.8198
1784058300,7551.1699
1784058600,7546.5200
1784058900,7544.2900
1784122200,7579.1699
1784122500,7574.2700
1784122800,7570.2900
1784123100,7561.2900
1784123400,7567.0601
1784123700,7570.0898
1784124000,7573.9702
1784124300,7577.0298
1784124600,7572.9902
1784124900,7578.9102
1784125200,7562.3599
1784125500,7571.8501
1784125800,7571.1499
1784126100,7561.9502
1784126400,7560.1201
1784126700,7563.3301
1784127000,7555.7798
1784127300,7560.3799
1784127600,7557.4199
1784127900,7566.5898
1784128200,7556.8901
1784128500,7558.2300
1784128800,7554.0098
1784129100,7561.9902
1784129400,7561.1802
1784129700,7561.9502
1784130000,7556.7002
1784130300,7554.0098
1784130600,7552.1299
1784130900,7552.2900
1784131200,7546.1099
1784131500,7544.9502
1784131800,7537.3398
1784132100,7535.1001
1784132400,7530.4902
1784132700,7533.6899
1784133000,7530.2202
1784133300,7529.7100
1784133600,7533.8101
1784133900,7539.0898
1784134200,7540.0200
1784134500,7542.1001
1784134800,7544.5200
1784135100,7546.4600
1784135400,7543.3999
1784135700,7549.4902
1784136000,7550.4800
1784136300,7553.9199
1784136600,7556.1899
1784136900,7559.7598
1784137200,7558.8999
1784137500,7566.0898
1784137800,7570.0801
1784138100,7567.5698
1784138400,7569.1299
1784138700,7571.1299
1784139000,7571.1699
1784139300,7569.2202
1784139600,7573.0000
1784139900,7572.2700
1784140200,7574.0498
1784140500,7570.3301
1784140800,7566.3799
1784141100,7562.6001
1784141400,7558.7998
1784141700,7556.8301
1784142000,7562.4600
1784142300,7561.0801
1784142600,7563.2598
1784142900,7560.4600
1784143200,7558.3198
1784143500,7561.2500
1784143800,7558.0801
1784144100,7563.2100
1784144400,7566.3398
1784144700,7561.3198
1784145000,7566.8701
1784145300,7572.2002
1784208600,7546.6602
1784208900,7541.3901
1784209200,7537.3599
1784209500,7535.2100
1784209800,7539.8901
1784210100,7545.0098
1784210400,7552.9800
1784210700,7560.3301
1784211000,7560.0698
1784211300,7564.6602
1784211600,7563.0000
1784211900,7570.0200
1784212200,7568.0698
1784212500,7564.7100
1784212800,7569.4399
1784213100,7567.5000
1784213400,7561.6099
1784213700,7566.9399
1784214000,7562.1499
1784214300,7560.6802
1784214600,7558.8301
1784214900,7561.6899
1784215200,7561.5400
1784215500,7563.9902
1784215800,7567.7700
1784216100,7569.2998
1784216400,7562.5298
1784216700,7560.8101
1784217000,7564.0200
1784217300,7561.5098
1784217600,7553.6201
1784217900,7555.0498
1784218200,7545.7700
1784218500,7547.6602
1784218800,7541.3599
1784219100,7544.3999
1784219400,7547.3599
1784219700,7544.3999
1784220000,7544.9902
1784220300,7545.7100
1784220600,7551.8799
1784220900,7554.1699
1784221200,7551.9702
1784221500,7552.3901
1784221800,7547.5698
1784222100,7549.7798
1784222400,7547.0000
1784222700,7552.8501
1784223000,7546.7300
1784223300,7542.1899
1784223600,7539.1299
1784223900,7542.0801
1784224200,7541.2202
1784224500,7538.1099
1784224800,7534.1699
1784225100,7532.3398
1784225400,7532.2202
1784225700,7537.1099
1784226000,7537.8701
1784226300,7534.1602
1784226600,7532.2998
1784226900,7528.9302
1784227200,7530.2100
1784227500,7532.7202
1784227800,7528.4199
1784228100,7527.7500
1784228400,7530.5498
1784228700,7522.3701
1784229000,7522.5000
1784229300,7522.6099
1784229600,7520.5000
1784229900,7516.2700
1784230200,7513.0801
1784230500,7515.9102
1784230800,7510.3301
1784231100,7506.9502
1784231400,7524.4199
1784231700,7534.6201
1784295000,7433.6299
1784295300,7437.9102
1784295600,7434.0801
1784295900,7454.9102
1784296200,7464.9702
1784296500,7473.1099
1784296800,7477.5601
1784297100,7488.3101
1784297400,7489.0200
1784297700,7491.5200
1784298000,7493.9302
1784298300,7488.8501
1784298600,7485.6602
1784298900,7492.4199
1784299200,7484.1899
1784299500,7482.5098
1784299800,7478.3701
1784300100,7475.3901
1784300400,7467.4102
1784300700,7473.2202
1784301000,7468.5400
1784301300,7470.1602
1784301600,7467.7700
1784301900,7479.7300
1784302200,7475.6499
1784302500,7482.1699
1784302800,7479.8398
1784303100,7480.7900
1784303400,7486.2900
1784303700,7494.5601
1784304000,7480.2598
1784304300,7485.1499
1784304600,7488.8799
1784304900,7489.8701
1784305200,7478.4902
1784305500,7485.1899
1784305800,7481.9302
1784306100,7484.4902
1784306400,7488.8398
1784306700,7494.1802
1784307000,7495.0298
1784307300,7488.8101
1784307600,7492.5601
1784307900,7495.7500
1784308200,7489.9600
1784308500,7489.4102
1784308800,7488.6802
1784309100,7494.5000
1784309400,7492.2100
1784309700,7486.5498
1784310000,7481.8101
1784310300,7480.7500
1784310600,7475.2998
1784310900,7471.2300
1784311200,7472.2998
1784311500,7468.4902
1784311800,7466.6699
1784312100,7463.7500
1784312400,7462.9302
1784312700,7462.2402
1784313000,7462.3599
1784313300,7462.7598
1784313600,7458.4399
1784313900,7464.5498
1784314200,7470.9502
1784314500,7469.8101
1784314800,7464.0098
1784315100,7459.4502
1784315400,7452.4600
1784315700,7454.2598
1784316000,7448.6499
1784316300,7456.6299
1784316600,7455.3599
1784316900,7453.8599
1784317200,7460.3701
1784317500,7465.4302
1784317800,7465.5898
1784318100,7457.7798
1784554200,7505.6001
1784554500,7506.9102
1784554800,7512.1401
1784555100,7502.2100
1784555400,7490.8501
1784555700,7483.4102
1784556000,7484.8301
1784556300,7479.7998
1784556600,7475.0898
1784556900,7474.3901
1784557200,7475.9199
1784557500,7482.8599
1784557800,7478.2402
1784558100,7478.7998
1784558400,7474.8398
1784558700,7471.6401
1784559000,7468.5801
1784559300,7466.0200
1784559600,7471.4702
1784559900,7479.2700
1784560200,7473.4800
1784560500,7478.2100
1784560800,7482.6699
1784561100,7484.3501
1784561400,7484.1499
1784561700,7480.3701
1784562000,7484.6099
1784562300,7478.2598
1784562600,7488.0698
1784562900,7485.5601
1784563200,7487.6802
1784563500,7493.6401
1784563800,7493.7202
1784564100,7492.5698
1784564400,7493.2900
1784564700,7490.7500
1784565000,7484.2798
1784565300,7489.2100
1784565600,7479.5298
1784565900,7487.0601
1784566200,7475.5898
1784566500,7475.2900
1784566800,7470.9502
1784567100,7471.1899
1784567400,7464.8799
1784567700,7467.1001
1784568000,7466.6602
1784568300,7466.8398
1784568600,7468.6001
1784568900,7465.9199
1784569200,7463.1899
1784569500,7467.9600
1784569800,7472.3198
1784570100,7471.1099
1784570400,7473.6099
1784570700,7474.3501
1784571000,7475.9502
1784571300,7477.7402
1784571600,7468.4199
1784571900,7470.5400
1784572200,7462.0200
1784572500,7460.3198
1784572800,7450.7998
1784573100,7452.9502
1784573400,7455.9102
1784573700,7452.8701
1784574000,7451.2900
1784574300,7452.4302
1784574600,7442.8301
1784574900,7444.2998
1784575200,7448.3701
1784575500,7452.1401
1784575800,7455.2402
1784576100,7454.2500
1784576400,7454.6899
1784576700,7455.9902
1784577000,7446.7402
1784577300,7444.7300
1784640600,7483.1401
1784640900,7480.2598
1784641200,7470.7500
1784641500,7474.8999
1784641800,7476.4902
1784642100,7478.6299
1784642400,7479.8398
1784642700,7477.5498
1784643000,7482.1499
1784643300,7485.3101
1784643600,7485.4302
1784643900,7493.7998
1784644200,7493.5298
1784644500,7488.1099
1784644800,7491.1699
1784645100,7493.8799
1784645400,7491.4399
1784645700,7492.7202
1784646000,7485.2202
1784646300,7495.5898
1784646600,7497.4902
1784646900,7499.8198
1784647200,7501.8398
1784647500,7504.7202
1784647800,7503.3301
1784648100,7500.9702
1784648400,7501.2500
1784648700,7503.9302
1784649000,7501.9600
1784649300,7499.5200
1784649600,7506.7598
1784649900,7506.4600
1784650200,7507.3999
1784650500,7509.9600
1784650800,7510.9399
1784651100,7511.4702
1784651400,7512.6899
1784651700,7512.2300
1784652000,7511.5200
1784652300,7510.2998
1784652600,7514.7998
1784652900,7511.7798
1784653200,7511.2300
1784653500,7512.5200
1784653800,7511.8901
1784654100,7508.8301
1784654400,7509.6602
1784654700,7509.3398
1784655000,7508.9702
1784655300,7512.5898
1784655600,7511.9800
1784655900,7513.6699
1784656200,7512.1602
1784656500,7511.5298
1784656800,7509.7900
1784657100,7510.1001
1784657400,7507.4702
1784657700,7507.2500
1784658000,7508.7300
1784658300,7507.4502
1784658600,7505.2700
1784658900,7507.0000
1784659200,7510.9702
1784659500,7510.4199
1784659800,7507.9102
1784660100,7509.0400
1784660400,7508.2598
1784660700,7506.4902
1784661000,7507.7598
1784661300,7508.6099
1784661600,7508.3799
1784661900,7507.6602
1784662200,7506.6602
1784662500,7509.6201
1784662800,7510.7100
1784663100,7511.1099
1784663400,7509.2100
1784663700,7507.3198
1784727000,7497.7998
1784727300,7498.9902
1784727600,7501.2998
1784727900,7502.8301
1784728200,7506.9600
1784728500,7513.2402
1784728800,7515.2300
1784729100,7510.1299
1784729400,7507.7900
1784729700,7506.6602
1784730000,7501.3701
1784730300,7499.0000
1784730600,7497.4800
1784730900,7498.3599
1784731200,7493.3301
1784731500,7498.5498
1784731800,7499.3999
1784732100,7505.1001
1784732400,7508.6802
1784732700,7511.7998
1784733000,7514.8301
1784733300,7514.1602
1784733600,7518.3901
1784733900,7519.7998
1784734200,7515.4102
1784734500,7514.3398
1784734800,7515.2998
1784735100,7519.0601
1784735400,7518.3901
1784735700,7523.0000
1784736000,7522.6099
1784736300,7522.9502
1784736600,7523.0200
1784736900,7524.9702
1784737200,7524.2500
1784737500,7524.1299
1784737800,7524.8701
1784738100,7524.0098
1784738400,7522.9600
1784738700,7521.5601
1784739000,7520.8501
1784739300,7523.8799
1784739600,7520.8198
1784739900,7521.8701
1784740200,7518.9902
1784740500,7518.2500
1784740800,7517.4199
1784741100,7516.1802
1784741400,7514.8198
1784741700,7519.2798
1784742000,7516.6699
1784742300,7515.9702
1784742600,7512.3701
1784742900,7510.1001
1784743200,7509.5000
1784743500,7508.6299
1784743800,7506.2500
1784744100,7508.1299
1784744400,7507.8701
1784744700,7510.2500
1784745000,7507.1699
1784745300,7508.9902
1784745600,7508.5698
1784745900,7507.2002
1784746200,7510.2402
1784746500,7509.7300
1784746800,7508.2402
1784747100,7507.5400
1784747400,7504.5601
1784747700,7506.7100
1784748000,7503.5898
1784748300,7504.8398
1784748600,7501.6802
1784748900,7498.9502
1784749200,7502.3901
1784749500,7504.5400
1784749800,7503.0601
1784750100,7499.4399
1784813400,7437.7002
1784813700,7439.0898
1784814000,7443.6299
1784814300,7428.2500
1784814600,7434.1099
1784814900,7421.4102
1784815200,7428.2798
1784815500,7418.0200
1784815800,7421.5298
1784816100,7420.1899
1784816400,7419.2402
1784816700,7422.9600
1784817000,7414.0898
1784817300,7427.0801
1784817600,7412.9502
1784817900,7412.2402
1784818200,7405.3198
1784818500,7407.0400
1784818800,7400.0400
1784819100,7395.6401
1784819400,7390.0200
1784819700,7395.9302
1784820000,7390.7798
1784820300,7383.2300
1784820600,7386.7798
1784820900,7397.2700
1784821200,7390.6401
1784821500,7392.5801
1784821800,7397.1602
1784822100,7402.0400
1784822400,7405.2900
1784822700,7408.3599
1784823000,7410.6201
1784823300,7410.1001
1784823600,7419.5400
1784823900,7418.4102
1784824200,7415.7700
1784824500,7420.8701
1784824800,7414.6899
1784825100,7405.4399
1784825400,7404.2402
1784825700,7410.6099
1784826000,7407.2002
1784826300,7409.2998
1784826600,7410.8599
1784826900,7409.4302
1784827200,7413.8901
1784827500,7412.4399
1784827800,7405.7798
1784828100,7400.2002
1784828400,7401.8101
1784828700,7406.4502
1784829000,7402.1499
1784829300,7396.2598
1784829600,7394.0200
1784829900,7393.0898
1784830200,7394.3301
1784830500,7393.9199
1784830800,7398.2998
1784831100,7398.2900
1784831400,7400.0400
1784831700,7393.6899
1784832000,7392.4902
1784832300,7396.5601
1784832600,7391.0000
1784832900,7394.4600
1784833200,7392.0000
1784833500,7391.5498
1784833800,7390.2100
1784834100,7393.3501
1784834400,7399.7700
1784834700,7398.8501
1784835000,7395.4902
1784835300,7393.2300
1784835600,7387.0801
1784835900,7383.5000
1784836200,7390.3799
1784836500,7408.1802
1784899800,7418.1299
1784900100,7414.6299
1784900400,7411.8301
1784900700,7421.8599
1784901000,7401.2798
1784901300,7399.5298
1784901600,7400.9800
1784901900,7417.4600
1784902200,7419.0898
1784902500,7408.4199
1784902800,7418.4399
1784903100,7415.9399
1784903400,7407.5000
1784903700,7403.6099
1784904000,7402.2202
1784904300,7408.1602
1784904600,7413.1699
1784904900,7429.6899
1784905200,7425.3999
1784905500,7420.4502
1784905800,7442.8101
1784906100,7438.2202
1784906400,7447.4399
1784906700,7448.9600
1784907000,7444.7598
1784907300,7454.6602
1784907600,7446.6299
1784907900,7444.4502
1784908200,7449.0698
1784908500,7453.6499
1784908800,7456.5200
1784909100,7456.7100
1784909400,7453.9102
1784909700,7455.4102
1784910000,7457.2998
1784910300,7455.5801
1784910600,7449.1401
1784910900,7446.5801
1784911200,7440.7002
1784911500,7435.8301
1784911800,7435.2700
1784912100,7439.0601
1784912400,7435.6699
1784912700,7428.8999
1784913000,7433.2402
1784913300,7437.8799
1784913600,7436.2300
1784913900,7441.2100
1784914200,7445.4800
1784914500,7439.0698
1784914800,7434.5801
1784915100,7436.5298
1784915400,7436.3301
1784915700,7433.9102
1784916000,7432.5898
1784916300,7433.5698
1784916600,7429.5698
1784916900,7425.4199
1784917200,7421.5698
1784917500,7413.9800
1784917800,7405.5200
1784918100,7406.2798
1784918400,7402.1299
1784918700,7406.6001
1784919000,7405.3999
1784919300,7407.4600
1784919600,7406.1699
1784919900,7399.5698
1784920200,7399.3398
1784920500,7401.2002
1784920800,7397.6201
1784921100,7399.9902
1784921400,7404.3999
1784921700,7404.1099
1784922000,7405.7700
1784922300,7406.4800
1784922600,7408.0200
1784922900,7412.8799
1785159000,7471.2798
1785159300,7473.6299
1785159600,7459.0698
1785159900,7463.6299
1785160200,7459.5000
1785160500,7441.2002
1785160800,7440.8999
1785161100,7441.9902
1785161400,7433.5000
1785161700,7434.3501
1785162000,7421.5098
1785162300,7406.1499
1785162600,7403.2500
1785162900,7403.8398
1785163200,7390.6499
1785163500,7403.5498
1785163800,7408.7300
1785164100,7420.4399
1785164400,7421.4800
1785164700,7416.5098
1785165000,7417.8999
1785165300,7411.1899
1785165600,7405.8101
1785165900,7405.9399
1785166200,7397.1602
1785166500,7391.8101
1785166800,7397.0000
1785167100,7391.9502
1785167400,7393.3198
1785167700,7397.9399
1785168000,7405.1099
1785168300,7406.4502
1785168600,7397.9600
1785168900,7396.4102
1785169200,7401.4302
1785169500,7410.9502
1785169800,7412.2598
1785170100,7412.8501
1785170400,7407.1099
1785170700,7405.4800
1785171000,7395.0898
1785171300,7394.4600
1785171600,7385.6699
1785171900,7387.5298
1785172200,7390.2202
1785172500,7385.1299
1785172800,7387.1001
1785173100,7385.5000
1785173400,7394.9502
1785173700,7391.4102
1785174000,7391.5898
1785174300,7391.2500
1785174600,7398.7998
1785174900,7401.2500
1785175200,7399.9399
1785175500,7400.2002
1785175800,7401.3501
1785176100,7396.0498
1785176400,7399.4199
1785176700,7399.6401
1785177000,7392.9600
1785177300,7391.4702
1785177600,7398.4702
1785177900,7397.7402
1785178200,7409.5801
1785178500,7414.3198
1785178800,7409.9399
1785179100,7417.2300
1785179400,7414.3301
1785179700,7418.5498
1785180000,7420.1602
1785180300,7420.3999
1785180600,7419.7100
1785180900,7413.1001
1785181200,7413.0400
1785181500,7413.8501
1785181800,7411.3501
1785182100,7413.4302
1785245400,7403.1602
1785245700,7400.1699
1785246000,7392.2402
1785246300,7397.2002
1785246600,7392.9902
1785246900,7387.8198
1785247200,7396.3301
1785247500,7394.3999
1785247800,7388.5000
1785248100,7389.0000
1785248400,7395.3398
1785248700,7399.9102
1785249000,7395.3599
1785249300,7398.9399
1785249600,7405.9702
1785249900,7416.0400
1785250200,7417.2798
1785250500,7409.9502
1785250800,7404.7998
1785251100,7409.0698
1785251400,7416.9399
1785251700,7428.5801
1785252000,7436.9102
1785252300,7435.2202
1785252600,7436.9199
1785252900,7440.6299
1785253200,7444.4399
1785253500,7446.9800
1785253800,7444.4302
1785254100,7446.0698
1785254400,7444.0000
1785254700,7439.8999
1785255000,7439.6299
1785255300,7442.7998
1785255600,7438.3999
1785255900,7436.5000
1785256200,7434.6699
1785256500,7441.4199
1785256800,7443.4199
1785257100,7441.4102
1785257400,7449.9102
1785257700,7450.0298
1785258000,7445.0898
1785258300,7439.2500
1785258600,7437.1699
1785258900,7437.5498
1785259200,7437.5400
1785259500,7436.8599
1785259800,7440.7900
1785260100,7437.9102
1785260400,7431.5098
1785260700,7436.8101
1785261000,7431.0801
1785261300,7435.6802
1785261600,7435.9600
1785261900,7432.1099
1785262200,7428.1899
1785262500,7430.8901
1785262800,7428.9302
1785263100,7429.0898
1785263400,7432.4800
1785263700,7431.6001
1785264000,7430.5698
1785264300,7435.7798
1785264600,7435.8398
1785264900,7438.1899
1785265200,7442.7700
1785265500,7437.6602
1785265800,7437.9702
1785266100,7439.5898
1785266400,7441.7798
1785266700,7440.2998
1785267000,7438.8901
1785267300,7433.5098
1785267600,7436.3701
1785267900,7434.6099
1785268200,7439.6699
1785268500,7427.2598
1785331800,7423.6699
1785332100,7423.2202
1785332400,7421.3301
1785332700,7415.8599
1785333000,7401.2598
1785333300,7396.7998
1785333600,7400.7500
1785333900,7391.8301
1785334200,7376.7500
1785334500,7381.3999
1785334800,7377.7402
1785335100,7372.6401
1785335400,7376.0898
1785335700,7371.0098
1785336000,7364.8301
1785336300,7366.5498
1785336600,7373.3398
1785336900,7371.3101
1785337200,7376.0601
1785337500,7378.2700
1785337800,7369.3599
1785338100,7368.5698
1785338400,7373.3501
1785338700,7366.9502
1785339000,7368.4199
1785339300,7363.2500
1785339600,7363.0098
1785339900,7367.3701
1785340200,7357.9102
1785340500,7360.6201
1785340800,7351.0801
1785341100,7349.9902
1785341400,7343.5298
1785341700,7345.2002
1785342000,7356.6099
1785342300,7361.3599
1785342600,7357.9502
1785342900,7358.6401
1785343200,7354.9102
1785343500,7361.9902
1785343800,7365.6201
1785344100,7371.3901
1785344400,7381.7900
1785344700,7377.3198
1785345000,7388.9702
1785345300,7390.0200
1785345600,7386.2500
1785345900,7381.4600
1785346200,7381.7100
1785346500,7379.3701
1785346800,7380.6499
1785347100,7382.8599
1785347400,7385.0000
1785347700,7387.2402
1785348000,7405.0200
1785348300,7402.9800
1785348600,7397.0698
1785348900,7393.4702
1785349200,7390.3799
1785349500,7396.6001
1785349800,7392.3198
1785350100,7413.2500
1785350400,7431.6401
1785350700,7443.3198
1785351000,7449.9800
1785351300,7442.9702
1785351600,7429.0498
1785351900,7408.5801
1785352200,7412.3901
1785352500,7398.7798
1785352800,7377.7998
1785353100,7375.1699
1785353400,7358.8398
1785353700,7339.4600
1785354000,7335.2998
1785354300,7341.4702
1785354600,7331.4502
1785354900,7320.2300
1785418200,7380.3398
1785418500,7377.6201
1785418800,7390.0898
1785419100,7398.6699
1785419400,7404.2500
1785419700,7410.9800
1785420000,7411.2700
1785420300,7402.2998
1785420600,7404.1401
1785420900,7402.2598
1785421200,7404.4902
1785421500,7410.8799
1785421800,7408.5098
1785422100,7411.5601
1785422400,7403.1401
1785422700,7396.5298
1785423000,7386.9800
1785423300,7386.7402
1785423600,7387.7402
1785423900,7392.4302
1785424200,7374.0601
1785424500,7378.9102
1785424800,7378.2202
1785425100,7373.0801
1785425400,7384.2500
1785425700,7383.9302
1785426000,7391.0298
1785426300,7395.1899
1785426600,7396.7402
1785426900,7395.7402
1785427200,7407.4502
1785427500,7406.7500
1785427800,7413.1899
1785428100,7413.7300
1785428400,7410.9102
1785428700,7411.9399
1785429000,7412.0801
1785429300,7409.7900
1785429600,7404.3101
1785429900,7409.6001
1785430200,7413.7202
1785430500,7413.9600
1785430800,7423.5298
1785431100,7421.9102
1785431400,7421.7500
1785431700,7425.9902
1785432000,7423.9399
1785432300,7421.1499
1785432600,7419.2700
1785432900,7417.0298
1785433200,7423.3301
1785433500,7423.5698
1785433800,7423.6201
1785434100,7421.9102
1785434400,7421.6699
1785434700,7425.4502
1785435000,7426.1802
1785435300,7425.3701
1785435600,7427.1802
1785435900,7427.7998
1785436200,7427.1401
1785436500,7424.9302
1785436800,7427.2002
1785437100,7428.9702
1785437400,7429.0000
1785437700,7431.2300
1785438000,7435.9502
1785438300,7441.4399
1785438600,7445.0601
1785438900,7447.1699
1785439200,7444.4600
1785439500,7441.7798
1785439800,7441.4302
1785440100,7440.9302
1785440400,7441.6299
1785440700,7439.5298
1785441000,7437.6802
1785441300,7437.5298
1785504600,7487.7100
1785504900,7467.1001
1785505200,7454.7402
1785505500,7448.2900
1785505800,7442.9902
1785506100,7443.4102
1785506400,7427.0000
1785506700,7414.0098
1785507000,7407.5898
1785507300,7410.0601
1785507600,7417.8999
1785507900,7428.2998
1785508200,7429.0298
1785508500,7435.7202
1785508800,7439.0801
1785509100,7447.8701
1785509400,7445.4102
1785509700,7448.8198
1785510000,7448.6499
1785510300,7441.8599
1785510600,7445.3901
1785510900,7442.6001
1785511200,7433.9702
1785511500,7425.2100
1785511800,7429.4399
1785512100,7443.7402
1785512400,7440.6401
1785512700,7436.7998
1785513000,7451.5200
1785513300,7454.0698
1785513600,7455.4800
1785513900,7453.8398
1785514200,7458.1699
1785514500,7456.2100
1785514800,7466.6899
1785515100,7467.1899
1785515400,7471.0400
1785515700,7468.3301
1785516000,7465.0400
1785516300,7468.8701
1785516600,7469.7002
1785516900,7470.2598
1785517200,7474.3799
1785517500,7471.4102
1785517800,7475.8599
1785518100,7478.1802
1785518400,7483.7402
1785518700,7486.7900
1785519000,7487.2100
1785519300,7481.9902
1785519600,7482.5200
1785519900,7476.3398
1785520200,7479.6499
1785520500,7477.8301
1785520800,7480.3398
1785521100,7482.3799
1785521400,7480.5801
1785521700,7484.5000
1785522000,7486.8999
1785522300,7483.4502
1785522600,7484.2300
1785522900,7481.4702
1785523200,7483.9800
1785523500,7486.8398
1785523800,7486.0098
1785524100,7485.0801
1785524400,7482.5801
1785524700,7485.2700
1785525000,7486.6201
1785525300,7498.8301
1785525600,7498.4702
1785525900,7498.1802
1785526200,7495.1401
1785526500,7499.1299
1785526800,7504.0698
1785527100,7508.6099
1785527400,7510.2100
1785527700,7489.5200
1785763800,7531.5898
1785764100,7543.3901
1785764400,7540.3901
1785764700,7542.3999
1785765000,7551.9199
1785765300,7561.1401
1785765600,7558.5498
1785765900,7560.7998
1785766200,7563.6602
1785766500,7566.5601
1785766800,7570.7100
1785767100,7569.7598
1785767400,7569.6401
1785767700,7573.0098
1785768000,7573.1602
1785768300,7573.1099
1785768600,7573.5698
1785768900,7578.7002
1785769200,7577.3398
1785769500,7573.9902
1785769800,7574.5000
1785770100,7578.2500
1785770400,7580.6001
1785770700,7575.3901
1785771000,7577.8901
1785771300,7580.1802
1785771600,7581.2202
1785771900,7584.7002
1785772200,7586.6802
1785772500,7584.3999
1785772800,7584.7002
1785773100,7584.7300
1785773400,7584.4399
1785773700,7587.3101
1785774000,7587.1001
1785774300,7590.3198
1785774600,7589.0298
1785774900,7587.4102
1785775200,7589.3999
1785775500,7588.1099
1785775800,7585.0498
1785776100,7586.4702
1785776400,7586.6299
1785776700,7586.8599
1785777000,7589.6802
1785777300,7592.2002
1785777600,7594.3101
1785777900,7595.1401
1785778200,7597.8701
1785778500,7596.3301
1785778800,7597.3999
1785779100,7598.7500
1785779400,7600.0698
1785779700,7601.1899
1785780000,7605.5601
1785780300,7607.4302
1785780600,7604.8701
1785780900,7604.4199
1785781200,7604.0098
1785781500,7600.0498
1785781800,7599.3301
1785782100,7600.8599
1785782400,7605.4502
1785782700,7605.4302
1785783000,7605.4199
1785783300,7603.6001
1785783600,7609.1001
1785783900,7606.2500
1785784200,7605.9902
1785784500,7607.7798
1785784800,7608.3901
1785785100,7607.4302
1785785400,7607.5298
1785785700,7604.0298
1785786000,7604.9702
1785786300,7605.9600
1785786600,7601.7900
1785786900,7599.9702
1785850200,7643.8198
1785850500,7644.3799
1785850800,7642.7798
1785851100,7649.5200
1785851400,7658.2002
1785851700,7658.2202
1785852000,7664.0098
1785852300,7668.6802
1785852600,7672.7202
1785852900,7677.0098
1785853200,7667.9800
1785853500,7669.8599
1785853800,7674.1499
1785854100,7675.6699
1785854400,7682.2900
1785854700,7683.2002
1785855000,7682.7402
1785855300,7687.9102
1785855600,7692.9902
1785855900,7692.5098
1785856200,7693.3599
1785856500,7697.4399
1785856800,7701.9600
1785857100,7698.3599
1785857400,7696.6401
1785857700,7701.5601
1785858000,7706.6001
1785858300,7710.8301
1785858600,7707.5098
1785858900,7708.8599
1785859200,7711.8799
1785859500,7708.6201
1785859800,7707.2300
1785860100,7712.1499
1785860400,7716.7300
1785860700,7716.1299
1785861000,7718.9199
1785861300,7718.7998
1785861600,7723.5098
1785861900,7725.5801
1785862200,7725.9399
1785862500,7726.0400
1785862800,7734.1401
1785863100,7734.1401
1785863400,7735.8999
1785863700,7737.1802
1785864000,7735.9600
1785864300,7736.6201
1785864600,7737.2100
1785864900,7742.7002
1785865200,7746.7998
1785865500,7751.2598
1785865800,7743.3701
1785866100,7740.6001
1785866400,7737.5498
1785866700,7742.8101
1785867000,7745.9902
1785867300,7746.0098
1785867600,7745.6899
1785867900,7747.6299
1785868200,7745.8101
1785868500,7743.0801
1785868800,7741.7402
1785869100,7745.5200
1785869400,7744.5898
1785869700,7744.8999
1785870000,7751.7598
1785870300,7754.6201
1785870600,7753.3501
1785870900,7753.9902
1785871200,7752.8599
1785871500,7747.2900
1785871800,7750.3701
1785872100,7752.1699
1785872400,7757.1401
1785872700,7753.8999
1785873000,7742.9800
1785873300,7735.6001
1785936600,7786.6802
1785936900,7789.8301
1785937200,7789.7598
1785937500,7779.2900
1785937800,7781.9302
1785938100,7791.1299
1785938400,7781.3701
1785938700,7784.8501
1785939000,7786.1899
1785939300,7781.8599
1785939600,7781.2598
1785939900,7772.0000
1785940200,7770.4399
1785940500,7763.8198
1785940800,7764.9302
1785941100,7769.6602
1785941400,7755.3701
1785941700,7758.7402
1785942000,7759.5000
1785942300,7760.8301
1785942600,7754.6699
1785942900,7746.8301
1785943200,7746.9502
1785943500,7741.3701
1785943800,7742.1899
1785944100,7745.4302
1785944400,7743.4702
1785944700,7737.6499
1785945000,7736.1802
1785945300,7730.3101
1785945600,7732.3198
1785945900,7725.3398
1785946200,7727.7900
1785946500,7729.6802
1785946800,7734.5200
1785947100,7744.7202
1785947400,7740.6299
1785947700,7739.1099
1785948000,7739.5000
1785948300,7738.0098
1785948600,7743.8198
1785948900,7742.0898
1785949200,7737.2900
1785949500,7736.8101
1785949800,7738.8901
1785950100,7737.6499
1785950400,7737.5801
1785950700,7736.9800
1785951000,7738.8901
1785951300,7740.1001
1785951600,7740.7700
1785951900,7741.8999
1785952200,7740.2798
1785952500,7739.2900
1785952800,7745.3701
1785953100,7743.1099
1785953400,7741.6499
1785953700,7744.2402
1785954000,7742.4800
1785954300,7742.7202
1785954600,7737.1401
1785954900,7738.4800
1785955200,7739.5601
1785955500,7741.8901
1785955800,7740.6499
1785956100,7737.7002
1785956400,7739.7300
1785956700,7741.0400
1785957000,7741.3901
1785957300,7742.1201
1785957600,7742.7100
1785957900,7741.6299
1785958200,7739.2002
1785958500,7736.6899
1785958800,7738.3398
1785959100,7738.4702
1785959400,7738.9399
1785959700,7722.1201
1786023000,7723.9800
1786023300,7722.0698
1786023600,7728.7798
1786023900,7737.6802
1786024200,7732.6201
1786024500,7732.0098
1786024800,7735.1899
1786025100,7738.5098
1786025400,7739.5000
1786025700,7741.3501
1786026000,7736.1099
1786026300,7727.4102
1786026600,7732.0498
1786026900,7721.5801
1786027200,7725.8999
1786027500,7720.7300
1786027800,7728.7500
1786028100,7733.5200
1786028400,7726.4902
1786028700,7729.5000
1786029000,7723.0801
1786029300,7714.0098
1786029600,7713.4702
1786029900,7715.6299
1786030200,7709.5898
1786030500,7711.2402
1786030800,7706.8398
1786031100,7715.8501
1786031400,7705.5698
1786031700,7704.6299
1786032000,7703.6802
1786032300,7707.3799
1786032600,7702.9702
1786032900,7705.7998
1786033200,7705.9902
1786033500,7705.7500
1786033800,7706.5298
1786034100,7712.0400
1786034400,7704.1899
1786034700,7707.3398
1786035000,7707.2300
1786035300,7713.3701
1786035600,7711.1401
1786035900,7707.6099
1786036200,7705.3901
1786036500,7707.1602
1786036800,7703.1899
1786037100,7701.5098
1786037400,7704.5698
1786037700,7703.8501
1786038000,7704.7700
1786038300,7703.9102
1786038600,7707.8799
1786038900,7710.0400
1786039200,7712.7100
1786039500,7712.0298
1786039800,7715.1899
1786040100,7716.6299
1786040400,7719.1201
1786040700,7717.7798
1786041000,7714.5400
1786041300,7711.6499
1786041600,7711.2700
1786041900,7712.1602
1786042200,7712.3599
1786042500,7712.9399
1786042800,7719.2002
1786043100,7720.2700
1786043400,7716.7300
1786043700,7714.8501
1786044000,7712.1401
1786044300,7709.8599
1786044600,7712.9702
1786044900,7708.9600
1786045200,7706.0898
1786045500,7707.8999
1786045800,7709.8799
1786046100,7711.3799
1786109400,7739.5200
1786109700,7736.2798
1786110000,7744.9800
1786110300,7740.8501
1786110600,7743.7002
1786110900,7734.0098
1786111200,7728.2002
1786111500,7728.1299
1786111800,7721.7100
1786112100,7741.5498
1786112400,7744.2402
1786112700,7754.5400
1786113000,7749.1602
1786113300,7742.3799
1786113600,7741.6699
1786113900,7747.7700
1786114200,7745.0298
1786114500,7751.9902
1786114800,7751.4199
1786115100,7753.2700
1786115400,7754.4800
1786115700,7752.3799
1786116000,7759.1099
1786116300,7760.0000
1786116600,7758.5298
1786116900,7758.3901
1786117200,7755.7202
1786117500,7759.8101
1786117800,7757.1099
1786118100,7754.8999
1786118400,7755.2598
1786118700,7755.7598
1786119000,7754.3398
1786119300,7753.2100
1786119600,7747.0000
1786119900,7740.6699
1786120200,7743.3501
1786120500,7746.9199
1786120800,7749.7500
1786121100,7750.3999
1786121400,7745.9902
1786121700,7743.7300
1786122000,7744.4102
1786122300,7746.6699
1786122600,7744.1401
1786122900,7746.8599
1786123200,7742.8301
1786123500,7745.2900
1786123800,7742.8301
1786124100,7747.4502
1786124400,7745.2700
1786124700,7746.5498
1786125000,7746.7900
1786125300,7745.3501
1786125600,7745.6299
1786125900,7744.6099
1786126200,7739.2100
1786126500,7741.0298
1786126800,7740.0298
1786127100,7738.5498
1786127400,7737.4199
1786127700,7736.6001
1786128000,7733.0000
1786128300,7736.2500
1786128600,7736.8398
1786128900,7740.6899
1786129200,7744.3901
1786129500,7750.3599
1786129800,7753.0400
1786130100,7752.7202
1786130400,7752.8198
1786130700,7754.9399
1786131000,7750.9902
1786131300,7752.6001
1786131600,7749.3501
1786131900,7752.1499
1786132200,7752.6201
1786132500,7755.6099
1786368600,7748.7402
1786368900,7751.0801
1786369200,7751.6602
1786369500,7755.5698
1786369800,7754.8901
1786370100,7758.0298
1786370400,7761.0498
1786370700,7763.8398
1786371000,7765.7402
1786371300,7766.7598
1786371600,7762.8901
1786371900,7767.6899
1786372200,7767.4600
1786372500,7767.5498
1786372800,7769.6899
1786373100,7772.2598
1786373400,7761.8901
1786373700,7758.6602
1786374000,7760.6401
1786374300,7759.6099
1786374600,7761.3501
1786374900,7763.0698
1786375200,7762.6699
1786375500,7760.4302
1786375800,7757.2998
1786376100,7756.2798
1786376400,7761.3599
1786376700,7759.2100
1786377000,7765.9399
1786377300,7766.6699
1786377600,7765.0000
1786377900,7763.1099
1786378200,7761.3198
1786378500,7760.3799
1786378800,7760.6602
1786379100,7756.5498
1786379400,7749.7100
1786379700,7748.3398
1786380000,7744.5801
1786380300,7749.0298
1786380600,7747.7300
1786380900,7752.9502
1786381200,7749.5601
1786381500,7753.5200
1786381800,7754.0801
1786382100,7754.1499
1786382400,7754.1602
1786382700,7754.1802
1786383000,7754.1699
1786383300,7752.1001
1786383600,7749.7202
1786383900,7750.0098
1786384200,7749.1299
1786384500,7750.1401
1786384800,7750.1699
1786385100,7752.2998
1786385400,7750.0801
1786385700,7749.3901
1786386000,7749.0298
1786386300,7748.6499
1786386600,7749.0898
1786386900,7748.4600
1786387200,7752.0898
1786387500,7751.6699
1786387800,7753.8701
1786388100,7754.9199
1786388400,7755.2202
1786388700,7756.5801
1786389000,7755.8999
1786389300,7755.8198
1786389600,7756.7798
1786389900,7752.0801
1786390200,7751.7100
1786390500,7754.5400
1786390800,7753.7798
1786391100,7754.6299
1786391400,7746.6602
1786391700,7753.1499
1786455000,7759.2402
1786455300,7754.4199
1786455600,7757.2700
1786455900,7752.1499
1786456200,7752.7500
1786456500,7759.5601
1786456800,7761.9102
1786457100,7760.7202
1786457400,7760.1299
1786457700,7758.9399
1786458000,7756.7402
1786458300,7762.1802
1786458600,7759.1899
1786458900,7756.7500
1786459200,7756.2500
1786459500,7761.9502
1786459800,7762.1299
1786460100,7759.3301
1786460400,7757.8398
1786460700,7751.1299
1786461000,7749.7202
1786461300,7747.5498
1786461600,7748.5200
1786461900,7747.5898
1786462200,7742.1602
1786462500,7741.6602
1786462800,7744.9800
1786463100,7743.3901
1786463400,7741.5498
1786463700,7743.3901
1786464000,7743.2700
1786464300,7746.2002
1786464600,7743.1499
1786464900,7743.7500
1786465200,7740.2500
1786465500,7741.1401
1786465800,7738.6602
1786466100,7741.9102
1786466400,7738.5698
1786466700,7737.1299
1786467000,7736.7598
1786467300,7734.2300
1786467600,7731.2202
1786467900,7731.8501
1786468200,7726.1699
1786468500,7730.3301
1786468800,7731.0898
1786469100,7732.1001
1786469400,7732.1602
1786469700,7731.9702
1786470000,7735.5498
1786470300,7735.0801
1786470600,7735.9199
1786470900,7735.0801
1786471200,7733.7900
1786471500,7730.1099
1786471800,7731.1099
1786472100,7730.2700
1786472400,7727.3501
1786472700,7717.6802
1786473000,7722.5298
1786473300,7722.5298
1786473600,7720.6602
1786473900,7725.7598
1786474200,7726.4199
1786474500,7723.5698
1786474800,7723.8198
1786475100,7723.2402
1786475400,7725.5498
1786475700,7726.9399
1786476000,7729.2100
1786476300,7728.9902
1786476600,7730.7402
1786476900,7733.2798
1786477200,7730.2202
1786477500,7727.2300
1786477800,7727.4502
1786478100,7727.4102
1786541400,7753.7700
1786541700,7752.4399
1786542000,7751.7300
1786542300,7758.6699
1786542600,7749.3599
1786542900,7749.8999
1786543200,7742.5400
1786543500,7745.9199
1786543800,7746.4399
1786544100,7747.6602
1786544400,7752.6602
1786544700,7750.4702
1786545000,7743.1699
1786545300,7749.1699
1786545600,7752.6001
1786545900,7748.7798
1786546200,7743.3301
1786546500,7744.9302
1786546800,7741.1802
1786547100,7743.7700
1786547400,7744.2798
1786547700,7743.3599
1786548000,7741.8599
1786548300,7745.6602
1786548600,7741.5498
1786548900,7739.7002
1786549200,7740.7998
1786549500,7743.8501
1786549800,7742.4902
1786550100,7742.6099
1786550400,7744.5698
1786550700,7746.1099
1786551000,7747.8198
1786551300,7746.7202
1786551600,7747.8398
1786551900,7747.3198
1786552200,7744.7100
1786552500,7750.5000
1786552800,7749.9199
1786553100,7751.1602
1786553400,7753.4600
1786553700,7752.3398
1786554000,7753.4399
1786554300,7753.2300
1786554600,7753.3301
1786554900,7750.3901
1786555200,7750.3501
1786555500,7751.0801
1786555800,7752.2300
1786556100,7751.5200
1786556400,7751.6899
1786556700,7750.3398
1786557000,7750.5698
1786557300,7751.2798
1786557600,7751.7202
1786557900,7751.3198
1786558200,7753.8301
1786558500,7753.7798
1786558800,7754.7700
1786559100,7753.4199
1786559400,7756.0298
1786559700,7756.5898
1786560000,7758.0098
1786560300,7757.8198
1786560600,7757.0400
1786560900,7753.4302
1786561200,7755.1699
1786561500,7754.6602
1786561800,7753.3799
1786562100,7754.1099
1786562400,7751.2002
1786562700,7752.0601
1786563000,7751.0698
1786563300,7751.1001
1786563600,7750.9399
1786563900,7751.5000
1786564200,7745.7500
1786564500,7748.7100
1786627800,7776.4399
1786628100,7786.8901
1786628400,7779.9199
1786628700,7793.1001
1786629000,7794.6099
1786629300,7799.7100
1786629600,7805.3799
1786629900,7804.5200
1786630200,7808.6099
1786630500,7808.9600
1786630800,7813.1499
1786631100,7815.0898
1786631400,7815.2300
1786631700,7813.8599
1786632000,7808.9199
1786632300,7799.5898
1786632600,7801.5801
1786632900,7800.9102
1786633200,7797.3901
1786633500,7795.7900
1786633800,7794.5298
1786634100,7794.8198
1786634400,7792.6401
1786634700,7784.2002
1786635000,7780.0601
1786635300,7782.2300
1786635600,7783.3101
1786635900,7782.3398
1786636200,7779.1201
1786636500,7777.8701
1786636800,7781.5098
1786637100,7782.7500
1786637400,7779.9502
1786637700,7781.3301
1786638000,7783.5898
1786638300,7787.8301
1786638600,7789.3999
1786638900,7785.9102
1786639200,7787.7402
1786639500,7788.0400
1786639800,7789.5898
1786640100,7790.1299
1786640400,7792.6802
1786640700,7794.9702
1786641000,7794.4102
1786641300,7796.6699
1786641600,7795.2900
1786641900,7794.0298
1786642200,7792.4302
1786642500,7790.7100
1786642800,7789.7500
1786643100,7791.3198
1786643400,7790.5200
1786643700,7790.2700
1786644000,7791.7100
1786644300,7791.1099
1786644600,7793.5601
1786644900,7791.9302
1786645200,7789.9800
1786645500,7792.3501
1786645800,7795.0698
1786646100,7796.6401
1786646400,7799.4102
1786646700,7800.7900
1786647000,7801.6001
1786647300,7800.4302
1786647600,7801.8101
1786647900,7806.0200
1786648200,7801.8599
1786648500,7804.0098
1786648800,7805.4702
1786649100,7802.5698
1786649400,7802.5298
1786649700,7801.6602
1786650000,7799.6299
1786650300,7800.1299
1786650600,7798.1099
1786650900,7798.8599
1786714200,7803.2100
1786714500,7803.0498
1786714800,7805.7002
1786715100,7801.4199
1786715400,7807.2598
1786715700,7806.2798
1786716000,7808.1499
1786716300,7807.0898
1786716600,7804.8701
1786716900,7800.1401
1786717200,7796.7300
1786717500,7795.3301
1786717800,7790.7500
1786718100,7795.7500
1786718400,7792.9502
1786718700,7793.9902
1786719000,7791.8198
1786719300,7789.3198
1786719600,7790.8999
1786719900,7787.9502
1786720200,7786.0801
1786720500,7787.1899
1786720800,7781.3599
1786721100,7784.3999
1786721400,7783.0098
1786721700,7782.5000
1786722000,7781.8198
1786722300,7780.5298
1786722600,7783.1401
1786722900,7783.6499
1786723200,7785.9399
1786723500,7783.6699
1786723800,7787.1602
1786724100,7787.5200
1786724400,7788.0801
1786724700,7788.6299
1786725000,7785.6401
1786725300,7786.4502
1786725600,7783.1099
1786725900,7782.9199
1786726200,7780.6299
1786726500,7778.3901
1786726800,7779.5801
1786727100,7780.1201
1786727400,7781.4502
1786728000,7781.3101
1786728300,7779.0898
1786728600,7779.7598
1786728900,7777.4399
1786729200,7777.5498
1786729500,7777.5400
1786729800,7779.2700
1786730100,7779.9502
1786730400,7782.0498
1786730700,7782.8701
1786731000,7783.3901
1786731300,7783.5400
1786731600,7783.0898
1786731900,7780.8799
1786732200,7780.3501
1786732500,7781.5601
1786732800,7783.6201
1786733100,7783.8501
1786733400,7785.1699
1786733700,7783.4102
1786734000,7781.4199
1786734300,7783.1099
1786734600,7781.9902
1786734900,7781.7402
1786735200,7782.8599
1786735500,7783.3301
1786735800,7783.9102
1786736100,7783.1299
1786736400,7783.5400
1786736700,7783.8701
1786737000,7784.2002
1786737300,7786.0098
1786973400,7775.6001
1786973700,7774.8901
1786974000,7775.9302
1786974300,7780.6099
1786974600,7779.4902
1786974900,7774.0498
1786975200,7775.3101
1786975500,7775.6001
1786975800,7777.8599
1786976100,7774.5400
1786976400,7773.1201
1786976700,7774.4800
1786977000,7776.3599
1786977300,7771.3301
1786977600,7771.9399
1786977900,7773.4102
1786978200,7770.1899
1786978500,7773.7998
1786978800,7775.6899
1786979100,7774.1602
1786979400,7774.1699
1786979700,7777.9302
1786980000,7777.7100
1786980300,7777.9199
1786980600,7773.1401
1786980900,7770.3701
1786981200,7771.6899
1786981500,7772.0200
1786981800,7774.1802
1786982100,7774.2300
1786982400,7773.0898
1786982700,7772.2002
1786983000,7774.1401
1786983300,7775.9302
1786983600,7774.2100
1786983900,7773.5601
1786984200,7771.3198
1786984500,7773.1699
1786984800,7770.0098
1786985100,7770.9902
1786985400,7769.1001
1786985700,7767.7700
1786986000,7767.1201
1786986300,7766.3901
1786986600,7763.9102
1786986900,7762.6899
1786987200,7758.3799
1786987500,7756.3999
1786987800,7755.5601
1786988100,7752.5098
1786988400,7758.2002
1786988700,7755.4902
1786989000,7755.9502
1786989300,7754.7100
1786989600,7754.7300
1786989900,7753.9902
1786990200,7757.1602
1786990500,7756.4399
1786990800,7757.4102
1786991100,7756.4800
1786991400,7753.3101
1786991700,7755.7598
1786992000,7757.1602
1786992300,7757.8599
1786992600,7756.8101
1786992900,7755.8301
1786993200,7753.8301
1786993500,7753.3901
1786993800,7752.6001
1786994100,7754.2202
1786994400,7753.4102
1786994700,7751.7300
1786995000,7749.8599
1786995300,7750.3398
1786995600,7750.0400
1786995900,7753.1001
1786996200,7747.4600
1786996500,7746.1401
1787059800,7704.5298
1787060100,7710.2202
1787060400,7707.0400
1787060700,7704.5400
1787061000,7705.2100
1787061300,7704.7998
1787061600,7708.9702
1787061900,7705.7900
1787062200,7700.5898
1787062500,7705.7798
1787062800,7707.8999
1787063100,7706.9702
1787063400,7708.1899
1787063700,7710.4302
1787064000,7703.7998
1787064300,7704.2598
1787064600,7699.4199
1787064900,7698.9502
1787065200,7702.0000
1787065500,7697.4702
1787065800,7696.7798
1787066100,7694.9902
1787066400,7696.2598
1787066700,7698.9302
1787067000,7698.7998
1787067300,7698.1401
1787067600,7700.7100
1787067900,7703.9702
1787068200,7705.3701
1787068500,7703.6602
1787068800,7705.7202
1787069100,7703.9302
1787069400,7705.4502
1787069700,7703.2998
1787070000,7706.7500
1787070300,7702.2300
1787070600,7703.3599
1787070900,7705.1602
1787071200,7703.8901
1787071500,7708.3799
1787071800,7708.4902
1787072100,7706.7202
1787072400,7706.2402
1787072700,7706.9902
1787073000,7706.0698
1787073300,7703.2002
1787073600,7702.5898
1787073900,7702.9902
1787074200,7701.9800
1787074500,7702.4902
1787074800,7701.0098
1787075100,7700.0898
1787075400,7700.6401
1787075700,7695.9902
1787076000,7696.1001
1787076300,7694.5898
1787076600,7700.3799
1787076900,7704.1099
1787077200,7702.5200
1787077500,7703.7300
1787077800,7702.7900
1787078100,7703.1802
1787078400,7701.1001
1787078700,7700.2100
1787079000,7697.9502
1787079300,7697.0000
1787079600,7697.1602
1787079900,7697.7798
1787080200,7696.1299
1787080500,7698.2798
1787080800,7701.3799
1787081100,7699.9199
1787081400,7698.7202
1787081700,7699.2998
1787082000,7698.7402
1787082300,7698.9199
1787082600,7693.7500
1787082900,7693.2598
1787146200,7720.1099
1787146500,7715.1499
1787146800,7720.4702
1787147100,7704.0801
1787147400,7715.8501
1787147700,7719.7798
1787148000,7716.0498
1787148300,7717.1299
1787148600,7707.9102
1787148900,7716.8101
1787149200,7715.6099
1787149500,7719.9102
1787149800,7720.8501
1787150100,7730.3301
1787150400,7729.9502
1787150700,7726.7202
1787151000,7733.7900
1787151300,7741.5000
1787151600,7741.2798
1787151900,7735.2002
1787152200,7738.0200
1787152500,7734.9102
1787152800,7731.8999
1787153100,7730.3198
1787153400,7727.5498
1787153700,7725.3599
1787154000,7724.9800
1787154300,7724.8198
1787154600,7721.4800
1787154900,7726.1299
1787155200,7732.7402
1787155500,7735.4702
1787155800,7735.6299
1787156100,7738.1602
1787156400,7733.5000
1787156700,7727.6899
1787157000,7726.9199
1787157300,7724.6802
1787157600,7723.9399
1787157900,7721.6499
1787158200,7718.5200
1787158500,7717.0498
1787158800,7718.4199
1787159100,7714.6602
1787159400,7717.7202
1787159700,7714.4399
1787160000,7712.7798
1787160300,7715.3198
1787160600,7712.4199
1787160900,7712.2300
1787161200,7715.3901
1787161500,7715.6401
1787161800,7716.2100
1787162100,7715.2202
1787162400,7720.6099
1787162700,7709.8701
1787163000,7713.8301
1787163300,7712.9302
1787163600,7712.4702
1787163900,7715.3999
1787164200,7719.0298
1787164500,7717.5698
1787164800,7717.5200
1787165100,7717.6499
1787165400,7716.4502
1787165700,7714.5698
1787166000,7715.4902
1787166300,7718.6699
1787166600,7716.5200
1787166900,7719.5898
1787167200,7718.9902
1787167500,7716.1401
1787167800,7721.2798
1787168100,7711.2100
1787168400,7709.6499
1787168700,7706.5400
1787169000,7706.6299
1787169300,7708.0298
1787232600,7690.0698
1787232900,7692.4199
1787233200,7694.3101
1787233500,7690.0498
1787233800,7688.2500
1787234100,7685.4399
1787234400,7680.0098
1787234700,7685.3198
1787235000,7679.0601
1787235300,7673.2998
1787235600,7686.2700
1787235900,7681.1299
1787236200,7680.5698
1787236500,7688.6201
1787236800,7690.7998
1787237100,7686.3701
1787237400,7686.5000
1787237700,7691.0400
1787238000,7697.8599
1787238300,7684.8701
1787238600,7686.0698
1787238900,7687.3701
1787239200,7681.8501
1787239500,7685.7300
1787239800,7678.9702
1787240100,7674.5000
1787240400,7672.1802
1787240700,7674.9302
1787241000,7677.5400
1787241300,7677.4199
1787241600,7674.9800
1787241900,7678.8301
1787242200,7673.7500
1787242500,7674.7202
1787242800,7678.3398
1787243100,7676.3999
1787243400,7680.0801
1787243700,7681.9302
1787244000,7684.8301
1787244300,7682.8198
1787244600,7680.5298
1787244900,7683.0298
1787245200,7678.9600
1787245500,7675.9702
1787245800,7673.9102
1787246100,7667.2500
1787246400,7669.4199
1787246700,7666.0698
1787247000,7664.6899
1787247300,7663.6499
1787247600,7663.2002
1787247900,7665.5000
1787248200,7666.0000
1787248500,7664.0000
1787248800,7659.4102
1787249100,7655.1899
1787249400,7653.9702
1787249700,7654.8101
1787250000,7654.6001
1787250300,7654.0200
1787250600,7651.3198
1787250900,7652.6802
1787251200,7653.7300
1787251500,7655.4102
1787251800,7654.2900
1787252100,7650.9902
1787252400,7652.2402
1787252700,7654.4199
1787253000,7653.7998
1787253300,7651.5698
1787253600,7654.7798
1787253900,7653.2300
1787254200,7650.1602
1787254500,7653.5601
1787254800,7649.4800
1787255100,7652.4600
1787255400,7647.2402
1787255700,7642.2100
1787319000,7668.0400
1787319300,7669.4399
1787319600,7670.2100
1787319900,7668.3101
1787320200,7662.9399
1787320500,7664.2402
1787320800,7668.0098
1787321100,7671.5000
1787321400,7665.6401
1787321700,7664.5601
1787322000,7666.0698
1787322300,7665.1001
1787322600,7663.2202
1787322900,7661.8901
1787323200,7664.7998
1787323500,7668.3901
1787323800,7668.4902
1787324100,7676.6899
1787324400,7680.8599
1787324700,7676.2998
1787325000,7675.2402
1787325300,7674.3701
1787325600,7673.8599
1787325900,7677.9702
1787326200,7683.6699
1787326500,7689.0098
1787326800,7691.5400
1787327100,7688.8599
1787327400,7695.6499
1787327700,7690.7100
1787328000,7685.9102
1787328300,7681.5498
1787328600,7681.5498
1787328900,7679.1802
1787329200,7680.6099
1787329500,7683.4102
1787329800,7679.1802
1787330100,7683.9102
1787330400,7682.6602
1787330700,7680.8501
1787331000,7678.8999
1787331300,7682.5298
1787331600,7681.5200
1787331900,7682.4102
1787332200,7680.4102
1787332500,7680.4902
1787332800,7676.9702
1787333100,7677.0098
1787333400,7674.2202
1787333700,7674.3301
1787334000,7674.8999
1787334300,7675.4902
1787334600,7674.6201
1787334900,7673.0098
1787335200,7675.2700
1787335500,7672.2598
1787335800,7672.2500
1787336100,7673.3501
1787336400,7673.7202
1787336700,7671.6499
1787337000,7670.1602
1787337300,7670.7598
1787337600,7672.2998
1787337900,7675.0498
1787338200,7677.3599
1787338500,7680.2598
1787338800,7678.6802
1787339100,7679.7700
1787339400,7678.6299
1787339700,7678.5200
1787340000,7680.8198
1787340300,7679.2402
1787340600,7679.4399
1787340900,7681.2900
1787341200,7683.0898
1787341500,7685.3198
1787341800,7677.1899
1787342100,7674.1001
1787578200,7652.1802
1787578500,7650.6899
1787578800,7639.6802
1787579100,7647.8999
1787579400,7652.3501
1787579700,7651.7598
1787580000,7647.0000
1787580300,7646.7100
1787580600,7647.7598
1787580900,7646.3599
1787581200,7646.8101
1787581500,7647.6699
1787581800,7654.5801
1787582100,7655.1001
1787582400,7655.3101
1787582700,7656.3901
1787583000,7654.0200
1787583300,7654.5000
1787583600,7648.9199
1787583900,7648.5098
1787584200,7645.7202
1787584500,7645.1299
1787584800,7649.3701
1787585100,7655.3799
1787585400,7656.6201
1787585700,7658.7598
1787586000,7661.0698
1787586300,7661.3599
1787586600,7661.3999
1787586900,7663.0698
1787587200,7667.5898
1787587500,7663.2202
1787587800,7664.8501
1787588100,7668.6099
1787588400,7666.9199
1787588700,7667.1001
1787589000,7664.0400
1787589300,7661.6499
1787589600,7661.4199
1787589900,7661.9302
1787590200,7660.2100
1787590500,7659.7402
1787590800,7657.8301
1787591100,7662.3701
1787591400,7663.2700
1787591700,7659.5498
1787592000,7653.8599
1787592300,7652.0298
1787592600,7651.6602
1787592900,7651.9399
1787593200,7649.4199
1787593500,7650.5200
1787593800,7650.1001
1787594100,7651.0200
1787594400,7653.9502
1787594700,7657.6201
1787595000,7660.5298
1787595300,7660.4902
1787595600,7664.6602
1787595900,7666.3901
1787596200,7665.2002
1787596500,7660.2598
1787596800,7661.5498
1787597100,7661.5200
1787597400,7659.5000
1787597700,7658.2100
1787598000,7657.5298
1787598300,7656.5601
1787598600,7658.7402
1787598900,7659.2002
1787599200,7658.5601
1787599500,7657.9199
1787599800,7656.2700
1787600100,7654.7900
1787600400,7654.8701
1787600700,7655.8599
1787601000,7655.0898
1787601300,7652.8198
1787664600,7686.0298
1787664900,7681.1499
1787665200,7681.0698
1787665500,7683.8301
1787665800,7679.1201
1787666100,7676.4702
1787666400,7672.6602
1787666700,7672.0000
1787667000,7670.0698
1787667300,7672.0200
1787667600,7669.6499
1787667900,7664.9600
1787668200,7661.9800
1787668500,7668.2798
1787668800,7661.9302
1787669100,7660.6201
1787669400,7664.9199
1787669700,7664.7300
1787670000,7662.0698
1787670300,7664.2900
1787670600,7664.2202
1787670900,7667.3799
1787671200,7666.0698
1787671500,7671.7500
1787671800,7669.0498
1787672100,7669.3599
1787672400,7669.6401
1787672700,7664.5601
1787673000,7670.5298
1787673300,7672.8701
1787673600,7673.7598
1787673900,7671.7900
1787674200,7673.3398
1787674500,7672.9199
1787674800,7674.4199
1787675100,7675.5298
1787675400,7675.2100
1787675700,7677.3501
1787676000,7673.8301
1787676300,7673.9902
1787676600,7672.3398
1787676900,7675.8999
1787677200,7671.5898
1787677500,7668.7402
1787677800,7670.3701
1787678100,7671.8501
1787678400,7668.1401
1787678700,7665.7998
1787679000,7666.1401
1787679300,7667.1699
1787679600,7666.8301
1787679900,7667.0898
1787680200,7669.0200
1787680500,7668.2500
1787680800,7666.3501
1787681100,7667.2500
1787681400,7666.1802
1787681700,7666.7002
1787682000,7667.3398
1787682300,7667.8398
1787682600,7671.7300
1787682900,7671.3501
1787683200,7673.7300
1787683500,7676.2402
1787683800,7675.3701
1787684100,7674.5098
1787684400,7672.7100
1787684700,7671.8901
1787685000,7668.8701
1787685300,7668.2002
1787685600,7668.5098
1787685900,7670.0400
1787686200,7669.3799
1787686500,7670.7202
1787686800,7672.0298
1787687100,7673.1299
1787687400,7679.4399
1787687700,7675.7300
1787751000,7675.0801
1787751300,7673.8301
1787751600,7681.9902
1787751900,7678.2002
1787752200,7684.6499
1787752500,7686.9399
1787752800,7687.5601
1787753100,7684.4102
1787753400,7679.8198
1787753700,7677.9702
1787754000,7672.6099
1787754300,7669.4502
1787754600,7669.6299
1787754900,7671.0298
1787755200,7672.2598
1787755500,7673.2998
1787755800,7674.5898
1787756100,7676.7402
1787756400,7679.6099
1787756700,7681.7300
1787757000,7680.5498
1787757300,7675.1299
1787757600,7675.6899
1787757900,7676.6099
1787758200,7670.3701
1787758500,7672.6299
1787758800,7678.4600
1787759100,7680.9399
1787759400,7671.9600
1787759700,7671.0698
1787760000,7670.1201
1787760300,7670.0400
1787760600,7668.4302
1787760900,7668.0498
1787761200,7667.5400
1787761500,7665.6401
1787761800,7666.7002
1787762100,7660.0498
1787762400,7657.9399
1787762700,7658.3701
1787763000,7659.5000
1787763300,7665.1001
1787763600,7666.9502
1787763900,7668.3599
1787764200,7669.0601
1787764500,7671.4399
1787764800,7673.9600
1787765100,7673.9502
1787765400,7675.2798
1787765700,7674.0000
1787766000,7674.7598
1787766300,7672.3901
1787766600,7675.3501
1787766900,7674.2402
1787767200,7673.3901
1787767500,7675.7402
1787767800,7672.2798
1787768100,7675.4902
1787768400,7673.8599
1787768700,7674.3701
1787769000,7675.9199
1787769300,7675.4199
1787769600,7676.5498
1787769900,7681.4902
1787770200,7682.2998
1787770500,7683.1499
1787770800,7690.5601
1787771100,7687.2202
1787771400,7687.2402
1787771700,7689.5898
1787772000,7688.0298
1787772300,7686.4800
1787772600,7686.0801
1787772900,7684.1602
1787773200,7684.6299
1787773500,7688.7900
1787773800,7679.8599
1787774100,7676.2900
1787837400,7693.0098
1787837700,7700.3501
1787838000,7710.5698
1787838300,7697.9502
1787838600,7710.3398
1787838900,7702.4600
1787839200,7706.4902
1787839500,7702.6001
1787839800,7705.4800
1787840100,7709.5298
1787840400,7712.6099
1787840700,7714.1499
1787841000,7711.1802
1787841300,7711.2402
1787841600,7713.7300
1787841900,7720.6201
1787842200,7719.6899
1787842500,7721.3398
1787842800,7724.0898
1787843100,7723.4502
1787843400,7726.3301
1787843700,7727.2402
1787844000,7725.5498
1787844300,7720.4502
1787844600,7719.9102
1787844900,7717.5000
1787845200,7714.3799
1787845500,7714.5898
1787845800,7726.6499
1787846100,7723.9102
1787846400,7726.0801
1787846700,7723.1401
1787847000,7723.8999
1787847300,7724.6401
1787847600,7723.5698
1787847900,7727.0098
1787848200,7729.1899
1787848500,7733.0400
1787848800,7734.6499
1787849100,7735.1001
1787849400,7737.0498
1787849700,7737.9702
1787850000,7738.3901
1787850300,7740.1602
1787850600,7739.4399
1787850900,7739.2798
1787851200,7740.0498
1787851500,7735.1401
1787851800,7735.3999
1787852100,7735.2002
1787852400,7734.6001
1787852700,7731.7500
1787853000,7731.8301
1787853300,7730.6099
1787853600,7723.7202
1787853900,7723.6602
1787854200,7720.7300
1787854500,7721.0898
1787854800,7719.2500
1787855100,7712.3799
1787855400,7713.7598
1787855700,7718.3999
1787856000,7717.0698
1787856300,7713.7100
1787856600,7711.9902
1787856900,7715.3999
1787857200,7717.6802
1787857500,7719.9102
1787857800,7717.9302
1787858100,7720.5098
1787858400,7718.5698
1787858700,7717.6899
1787859000,7722.7202
1787859300,7724.2798
1787859600,7724.9502
1787859900,7726.6699
1787860200,7731.3799
1787860500,7730.1099
1787923800,7738.9800
1787924100,7740.5098
1787924400,7744.4199
1787924700,7740.0400
1787925000,7736.4702
1787925300,7736.9302
1787925600,7735.9102
1787925900,7729.1899
1787926200,7719.2500
1787926500,7732.7500
1787926800,7733.1299
1787927100,7730.3701
1787927400,7738.0801
1787927700,7741.7500
1787928000,7752.7300
1787928300,7756.0601
1787928600,7763.7002
1787928900,7767.8501
1787929200,7768.0400
1787929500,7760.2402
1787929800,7759.8301
1787930100,7760.8599
1787930400,7766.2202
1787930700,7767.9199
1787931000,7762.9902
1787931300,7754.5601
1787931600,7745.5801
1787931900,7740.2700
1787932200,7738.7700
1787932500,7728.8198
1787932800,7726.1001
1787933100,7733.5000
1787933400,7728.2998
1787933700,7720.0200
1787934000,7712.9502
1787934300,7714.1201
1787934600,7714.6099
1787934900,7720.8599
1787935200,7714.5601
1787935500,7721.5601
1787935800,7717.2100
1787936100,7715.1499
1787936400,7708.2598
1787936700,7703.4302
1787937000,7710.9102
1787937300,7709.8101
1787937600,7706.9902
1787937900,7707.0898
1787938200,7711.5200
1787938500,7705.0000
1787938800,7708.4600
1787939100,7714.4302
1787939400,7713.2998
1787939700,7713.3198
1787940000,7713.1499
1787940300,7713.1699
1787940600,7710.2598
1787940900,7712.2300
1787941200,7708.5298
1787941500,7708.3599
1787941800,7711.4502
1787942100,7708.6899
1787942400,7710.4800
1787942700,7705.2202
1787943000,7702.8101
1787943300,7704.3198
1787943600,7705.3101
1787943900,7710.9399
1787944200,7709.8398
1787944500,7709.9702
1787944800,7710.4302
1787945100,7712.5601
1787945400,7711.7300
1787945700,7712.8999
1787946000,7713.7402
1787946300,7710.0801
1787946600,7711.2402
1787946900,7709.8999
1788183000,7682.1699
1788183300,7680.8799
1788183600,7675.6899
1788183900,7679.4302
1788184200,7682.1699
1788184500,7679.3101
1788184800,7675.7598
1788185100,7672.4800
1788185400,7676.1899
1788185700,7677.2500
1788186000,7668.1001
1788186300,7667.0098
1788186600,7666.3501
1788186900,7673.5400
1788187200,7674.6602
1788187500,7671.7300
1788187800,7675.7500
1788188100,7677.5098
1788188400,7676.1899
1788188700,7674.5298
1788189000,7674.8398
1788189300,7675.1099
1788189600,7677.5698
1788189900,7677.0400
1788190200,7674.8701
1788190500,7673.4302
1788190800,7675.9800
1788191100,7676.4199
1788191400,7678.7798
1788191700,7671.5000
1788192000,7669.2798
1788192300,7669.5601
1788192600,7674.7900
1788192900,7673.4600
1788193200,7671.8901
1788193500,7676.6802
1788193800,7675.4302
1788194100,7670.0098
1788194400,7672.0400
1788194700,7675.3799
1788195000,7675.6602
1788195300,7676.7300
1788195600,7674.1201
1788195900,7673.7700
1788196200,7676.9399
1788196500,7676.3599
1788196800,7675.8599
1788197100,7672.3901
1788197400,7670.9302
1788197700,7675.7900
1788198000,7679.7900
1788198300,7680.7798
1788198600,7685.0200
1788198900,7682.5698
1788199200,7683.7998
1788199500,7684.1602
1788199800,7684.5400
1788200100,7684.5298
1788200400,7684.0898
1788200700,7680.7998
1788201000,7677.5098
1788201300,7672.1401
1788201600,7671.3701
1788201900,7671.9102
1788202200,7674.2700
1788202500,7674.1099
1788202800,7675.5400
1788203100,7677.3701
1788203400,7679.1099
1788203700,7677.6099
1788204000,7681.2402
1788204300,7683.6001
1788204600,7681.6602
1788204900,7683.2798
1788205200,7687.4399
1788205500,7685.4600
1788205800,7691.2598
1788206100,7684.3701
1788269400,7634.7402
1788269700,7634.2002
1788270000,7635.4102
1788270300,7637.0698
1788270600,7633.5601
1788270900,7636.0898
1788271200,7638.4302
1788271500,7644.8501
1788271800,7646.4502
1788272100,7648.6499
1788272400,7653.4199
1788272700,7653.7900
1788273000,7660.9702
1788273300,7658.7900
1788273600,7657.3799
1788273900,7655.9600
1788274200,7651.7900
1788274500,7651.6899
1788274800,7647.4702
1788275100,7644.4502
1788275400,7646.4102
1788275700,7649.8599
1788276000,7651.7202
1788276300,7652.7500
1788276600,7653.4302
1788276900,7657.4399
1788277200,7659.4702
1788277500,7662.8398
1788277800,7662.1699
1788278100,7659.8501
1788278400,7659.3599
1788278700,7655.1401
1788279000,7652.3101
1788279300,7646.7598
1788279600,7645.4302
1788279900,7641.8799
1788280200,7633.3398
1788280500,7638.7900
1788280800,7633.2900
1788281100,7636.2700
1788281400,7635.5200
1788281700,7639.6201
1788282000,7633.8301
1788282300,7633.4902
1788282600,7635.8501
1788282900,7632.3701
1788283200,7632.4102
1788283500,7633.1602
1788283800,7636.7900
1788284100,7635.7202
1788284400,7637.3799
1788284700,7632.6802
1788285000,7632.2202
1788285300,7634.7100
1788285600,7632.9399
1788285900,7633.3999
1788286200,7630.1001
1788286500,7634.0400
1788286800,7633.1401
1788287100,7628.2798
1788287400,7623.9199
1788287700,7621.7300
1788288000,7613.7798
1788288300,7617.6899
1788288600,7618.6699
1788288900,7623.5298
1788289200,7627.6802
1788289500,7627.1099
1788289800,7630.8701
1788290100,7630.5601
1788290400,7629.6899
1788290700,7630.2100
1788291000,7627.9800
1788291300,7624.9502
1788291600,7626.7002
1788291900,7629.2100
1788292200,7625.6499
1788292500,7632.6001
1788355800,7641.1899
1788356100,7641.4600
1788356400,7644.0298
1788356700,7637.5601
1788357000,7640.2300
1788357300,7646.9102
1788357600,7653.6602
1788357900,7654.4199
1788358200,7660.5698
1788358500,7666.1602
1788358800,7668.9800
1788359100,7669.8599
1788359400,7672.0400
1788359700,7675.4702
1788360000,7680.3701
1788360300,7675.0000
1788360600,7670.9702
1788360900,7669.9702
1788361200,7670.9902
1788361500,7671.3701
1788361800,7672.1899
1788362100,7676.9702
1788362400,7676.2700
1788362700,7680.1201
1788363000,7677.5498
1788363300,7675.5098
1788363600,7674.0098
1788363900,7667.2700
1788364200,7669.7002
1788364500,7675.5601
1788364800,7675.0898
1788365100,7674.4102
1788365400,7674.1099
1788365700,7671.3799
1788366000,7666.8901
1788366300,7664.9902
1788366600,7667.7202
1788366900,7667.5000
1788367200,7663.9199
1788367500,7665.0698
1788367800,7668.0400
1788368100,7665.9399
1788368400,7670.7100
1788368700,7662.9902
1788369000,7665.7300
1788369300,7661.9302
1788369600,7662.9199
1788369900,7663.0801
1788370200,7660.2202
1788370500,7661.0298
1788370800,7665.3501
1788371100,7666.0498
1788371400,7666.0200
1788371700,7667.8198
1788372000,7669.3599
1788372300,7667.6602
1788372600,7668.4502
1788372900,7672.0200
1788373200,7671.1099
1788373500,7669.6201
1788373800,7668.8799
1788374100,7664.6602
1788374400,7663.6699
1788374700,7665.2598
1788375000,7664.3301
1788375300,7664.0898
1788375600,7665.3901
1788375900,7668.6499
1788376200,7670.0601
1788376500,7670.5498
1788376800,7668.8198
1788377100,7671.2500
1788377400,7669.4800
1788377700,7667.7598
1788378000,7669.7998
1788378300,7669.9199
1788378600,7668.4399
1788378900,7667.4502
1788442200,7707.1201
1788442500,7715.1899
1788442800,7714.1201
1788443100,7712.8799
1788443400,7712.5200
1788443700,7711.2500
1788444000,7697.7202
1788444300,7694.5698
1788444600,7700.0698
1788444900,7704.7100
1788445200,7704.9600
1788445500,7703.5200
1788445800,7694.8398
1788446100,7697.8301
1788446400,7697.5400
1788446700,7703.8301
1788447000,7702.2002
1788447300,7709.0400
1788447600,7720.2100
1788447900,7723.4702
1788448200,7730.8799
1788448500,7735.8501
1788448800,7737.2900
1788449100,7745.6899
1788449400,7745.0801
1788449700,7741.7798
1788450000,7741.8999
1788450300,7745.7798
1788450600,7748.1499
1788450900,7749.4600
1788451200,7745.0698
1788451500,7742.6201
1788451800,7743.4800
1788452100,7744.2100
1788452400,7741.4102
1788452700,7741.0098
1788453000,7741.7100
1788453300,7746.2100
1788453600,7747.7002
1788453900,7747.7100
1788454200,7744.7700
1788454500,7745.6099
1788454800,7744.2300
1788455100,7740.4600
1788455400,7740.4302
1788455700,7739.6499
1788456000,7738.7402
1788456300,7742.6401
1788456600,7744.8301
1788456900,7746.5898
1788457200,7747.2202
1788457500,7746.4102
1788457800,7750.4502
1788458100,7748.6899
1788458400,7753.8198
1788458700,7753.3999
1788459000,7754.7500
1788459300,7753.6899
1788459600,7753.8301
1788459900,7754.1401
1788460200,7755.2300
1788460500,7755.0298
1788460800,7752.1099
1788461100,7754.5898
1788461400,7752.6201
1788461700,7753.3999
1788462000,7751.8799
1788462300,7752.1001
1788462600,7750.4702
1788462900,7752.2500
1788463200,7747.8901
1788463500,7750.5498
1788463800,7750.0098
1788464100,7751.2202
1788464400,7749.2002
1788464700,7749.0200
1788465000,7749.0601
1788465300,7747.7998
1788528600,7743.8599
1788528900,7740.8599
1788529200,7737.5298
1788529500,7741.5698
1788529800,7740.2700
1788530100,7740.4502
1788530400,7736.0400
1788530700,7732.2598
1788531000,7732.4702
1788531300,7725.3999
1788531600,7726.6401
1788531900,7728.0098
1788532200,7724.0298
1788532500,7727.0898
1788532800,7718.8901
1788533100,7713.9102
1788533400,7712.0298
1788533700,7710.7300
1788534000,7710.6802
1788534300,7712.3398
1788534600,7715.0098
1788534900,7709.3501
1788535200,7709.1602
1788535500,7710.4399
1788535800,7708.1201
1788536100,7710.9102
1788536400,7715.2798
1788536700,7714.1201
1788537000,7714.9702
1788537300,7715.3301
1788537600,7716.4102
1788537900,7719.2402
1788538200,7722.8799
1788538500,7723.6802
1788538800,7724.3398
1788539100,7722.2598
1788539400,7724.9902
1788539700,7723.6802
1788540000,7724.6201
1788540300,7727.9502
1788540600,7726.7798
1788540900,7724.8501
1788541200,7720.4600
1788541500,7719.2700
1788541800,7719.6201
1788542100,7718.2998
1788542400,7716.3799
1788542700,7714.1602
1788543000,7711.4302
1788543300,7712.5498
1788543600,7708.9399
1788543900,7709.2798
1788544200,7708.9600
1788544500,7709.7900
1788544800,7708.7598
1788545100,7711.4102
1788545400,7711.9702
1788545700,7713.0000
1788546000,7714.3999
1788546300,7714.0601
1788546600,7715.5200
1788546900,7714.5000
1788547200,7717.0098
1788547500,7717.6099
1788547800,7717.4902
1788548100,7718.1201
1788548400,7712.6001
1788548700,7712.4399
1788549000,7711.7798
1788549300,7712.4600
1788549600,7713.2998
1788549900,7715.5801
1788550200,7715.4102
1788550500,7713.2998
1788550800,7715.1001
1788551100,7717.0298
1788551400,7719.7798
1788551700,7717.8101
1788874200,7705.2402
1788874500,7696.4902
1788874800,7687.5200
1788875100,7691.8701
1788875400,7688.4800
1788875700,7690.9102
1788876000,7684.2100
1788876300,7680.0298
1788876600,7679.5000
1788876900,7681.3198
1788877200,7685.9199
1788877500,7682.3701
1788877800,7685.1201
1788878100,7684.7798
1788878400,7686.4199
1788878700,7687.3999
1788879000,7691.3701
1788879300,7691.6899
1788879600,7692.5098
1788879900,7691.4102
1788880200,7696.7402
1788880500,7696.0601
1788880800,7695.5498
1788881100,7693.8701
1788881400,7693.2700
1788881700,7690.3799
1788882000,7695.0400
1788882300,7691.1001
1788882600,7691.1299
1788882900,7689.5200
1788883200,7691.4902
1788883500,7688.8599
1788883800,7687.5000
1788884100,7684.6602
1788884400,7689.3301
1788884700,7686.6001
1788885000,7687.4399
1788885300,7685.0801
1788885600,7685.5898
1788885900,7687.6899
1788886200,7687.5098
1788886500,7684.3901
1788886800,7694.0498
1788887100,7690.8701
1788887400,7691.6099
1788887700,7691.8999
1788888000,7691.6499
1788888300,7689.9199
1788888600,7692.5098
1788888900,7692.4902
1788889200,7689.0498
1788889500,7691.1201
1788889800,7693.1201
1788890100,7690.3901
1788890400,7691.7500
1788890700,7693.2500
1788891000,7693.0801
1788891300,7693.2002
1788891600,7691.3301
1788891900,7693.0098
1788892200,7690.6001
1788892500,7687.7002
1788892800,7690.4600
1788893100,7679.1401
1788893400,7684.8799
1788893700,7682.9399
1788894000,7681.4800
1788894300,7683.8301
1788894600,7684.7300
1788894900,7682.4102
1788895200,7680.0601
1788895500,7684.3901
1788895800,7686.4902
1788896100,7685.0400
1788896400,7683.3198
1788896700,7680.5000
1788897000,7671.7100
1788897300,7674.1299
1788960600,7653.6499
1788960900,7652.6201
1788961200,7651.1201
1788961500,7653.1299
1788961800,7652.2100
1788962100,7656.2202
1788962400,7653.0801
1788962700,7655.2900
1788963000,7653.4302
1788963300,7644.2900
1788963600,7640.9399
1788963900,7654.3501
1788964200,7648.9702
1788964500,7650.2500
1788964800,7651.9502
1788965100,7651.9800
1788965400,7650.9302
1788965700,7651.9399
1788966000,7642.9800
1788966300,7636.2900
1788966600,7630.7500
1788966900,7635.0498
1788967200,7624.8501
1788967500,7629.6001
1788967800,7635.0298
1788968100,7639.5698
1788968400,7637.1201
1788968700,7637.0000
1788969000,7639.6001
1788969300,7636.6201
1788969600,7638.1602
1788969900,7630.4302
1788970200,7631.1602
1788970500,7628.9302
1788970800,7630.8799
1788971100,7630.6401
1788971400,7635.5000
1788971700,7636.9600
1788972000,7638.9600
1788972300,7638.9102
1788972600,7641.1899
1788972900,7640.5298
1788973200,7638.3101
1788973500,7640.8501
1788973800,7645.7798
1788974100,7643.0698
1788974400,7646.5000
1788974700,7643.7598
1788975000,7642.5801
1788975300,7639.2798
1788975600,7643.8599
1788975900,7645.1602
1788976200,7646.7700
1788976500,7644.5298
1788976800,7645.0000
1788977100,7641.8501
1788977400,7638.7998
1788977700,7640.1001
1788978000,7644.0801
1788978300,7643.1499
1788978600,7642.0400
1788978900,7644.3701
1788979200,7646.6899
1788979500,7645.0898
1788979800,7647.8799
1788980100,7643.7900
1788980400,7641.5098
1788980700,7645.0498
1788981000,7644.0400
1788981300,7647.2700
1788981600,7646.7598
1788981900,7645.7202
1788982200,7644.1401
1788982500,7642.5200
1788982800,7642.2300
1788983100,7642.4199
1788983400,7638.4702
1788983700,7637.7002
1789047000,7591.4600
1789047300,7597.5801
1789047600,7594.0200
1789047900,7600.3701
1789048200,7586.2402
1789048500,7580.9102
1789048800,7586.7300
1789049100,7581.7300
1789049400,7587.6499
1789049700,7594.0200
1789050000,7607.1099
1789050300,7600.0200
1789050600,7602.4800
1789050900,7606.1699
1789051200,7601.4902
1789051500,7600.7300
1789051800,7604.5801
1789052100,7607.3599
1789052400,7601.3901
1789052700,7603.1802
1789053000,7603.9502
1789053300,7603.4302
1789053600,7606.3999
1789053900,7605.9199
1789054200,7607.7300
1789054500,7606.0400
1789054800,7607.3398
1789055100,7604.3301
1789055400,7599.8701
1789055700,7598.5098
1789056000,7599.0498
1789056300,7594.0698
1789056600,7594.0698
1789056900,7593.3799
1789057200,7593.9702
1789057500,7593.7300
1789057800,7590.1899
1789058100,7594.9399
1789058400,7601.4102
1789058700,7602.2998
1789059000,7604.5000
1789059300,7605.3999
1789059600,7602.9800
1789059900,7603.0098
1789060200,7603.6099
1789060500,7603.1099
1789060800,7600.0098
1789061100,7599.4102
1789061400,7598.9302
1789061700,7594.2100
1789062000,7597.4199
1789062300,7595.6899
1789062600,7596.8599
1789062900,7596.1499
1789063200,7592.2998
1789063500,7590.2500
1789063800,7590.4800
1789064100,7589.9902
1789064400,7591.2002
1789064700,7590.2700
1789065000,7589.0200
1789065300,7591.5801
1789065600,7591.4502
1789065900,7591.0898
1789066200,7592.8999
1789066500,7591.0898
1789066800,7586.5400
1789067100,7592.5898
1789067400,7591.2002
1789067700,7588.1401
1789068000,7589.9502
1789068300,7589.3101
1789068600,7592.3901
1789068900,7593.0298
1789069200,7593.2998
1789069500,7594.3799
1789069800,7592.1201
1789070100,7592.2998
1789133400,7672.4702
1789133700,7667.7202
1789134000,7668.2100
1789134300,7663.0601
1789134600,7664.5498
1789134900,7676.2700
1789135200,7668.1201
1789135500,7667.0801
1789135800,7662.4199
1789136100,7670.4302
1789136400,7671.2900
1789136700,7671.2700
1789137000,7660.9702
1789137300,7656.7402
1789137600,7653.9302
1789137900,7660.7002
1789138200,7654.7798
1789138500,7654.1299
1789138800,7659.6001
1789139100,7662.8999
1789139400,7659.8999
1789139700,7667.2100
1789140000,7672.1899
1789140300,7673.8901
1789140600,7672.6001
1789140900,7672.7998
1789141200,7674.6299
1789141500,7671.9102
1789141800,7668.5098
1789142100,7670.3599
1789142400,7675.2002
1789142700,7672.6499
1789143000,7669.3599
1789143300,7668.1899
1789143600,7666.7202
1789143900,7662.7700
1789144200,7669.7402
1789144500,7662.4800
1789144800,7667.4600
1789145100,7666.6802
1789145400,7667.6401
1789145700,7669.5200
1789146000,7669.7300
1789146300,7670.9502
1789146600,7669.0098
1789146900,7672.3101
1789147200,7675.4800
1789147500,7673.4199
1789147800,7673.4502
1789148100,7671.4600
1789148400,7671.7402
1789148700,7672.1401
1789149000,7671.9102
1789149300,7670.8101
1789149600,7672.3501
1789149900,7670.5200
1789150200,7669.4600
1789150500,7669.3301
1789150800,7666.8599
1789151100,7667.6401
1789151400,7667.9199
1789151700,7666.6299
1789152000,7664.9399
1789152300,7664.1699
1789152600,7663.9102
1789152900,7663.9399
1789153200,7664.9102
1789153500,7661.3901
1789153800,7662.5801
1789154100,7663.7402
1789154400,7665.4302
1789154700,7663.8701
1789155000,7663.2300
1789155300,7662.9302
1789155600,7663.6499
1789155900,7661.3301
1789156200,7660.3198
1789156500,7655.5000
1789392600,7599.5698
1789392900,7598.6802
1789393200,7607.5000
1789393500,7616.3101
1789393800,7615.1602
1789394100,7612.7598
1789394400,7617.5298
1789394700,7621.9800
1789395000,7618.4702
1789395300,7612.2002
1789395600,7601.8999
1789395900,7601.0498
1789396200,7603.6899
1789396500,7597.0698
1789396800,7599.1099
1789397100,7598.8501
1789397400,7594.9502
1789397700,7598.6401
1789398000,7594.8398
1789398300,7604.3799
1789398600,7599.5298
1789398900,7603.9502
1789399200,7607.9902
1789399500,7608.6699
1789399800,7621.0801
1789400100,7624.7900
1789400400,7633.8901
1789400700,7628.8701
1789401000,7631.2700
1789401300,7630.3999
1789401600,7626.4399
1789401900,7626.3398
1789402200,7628.1201
1789402500,7636.5698
1789402800,7637.1699
1789403100,7633.5498
1789403400,7633.3301
1789403700,7633.4399
1789404000,7635.8198
1789404300,7645.9502
1789404600,7644.0200
1789404900,7641.7900
1789405200,7640.2402
1789405500,7637.9902
1789405800,7635.2202
1789406100,7633.6699
1789406400,7635.9102
1789406700,7639.7900
1789407000,7639.2598
1789407300,7641.5098
1789407600,7638.8799
1789407900,7640.1001
1789408200,7641.0000
1789408500,7636.5000
1789408800,7635.7998
1789409100,7637.2900
1789409400,7636.2202
1789409700,7635.7998
1789410000,7634.1602
1789410300,7633.1499
1789410600,7635.2798
1789410900,7636.3398
1789411200,7636.2002
1789411500,7637.4702
1789411800,7636.1699
1789412100,7633.9302
1789412400,7632.2402
1789412700,7631.0698
1789413000,7632.8398
1789413300,7631.3101
1789413600,7630.6001
1789413900,7630.1602
1789414200,7629.5601
1789414500,7628.5698
1789414800,7628.3901
1789415100,7629.8398
1789415400,7625.3599
1789415700,7620.3701
1789479000,7601.4102
1789479300,7610.8198
1789479600,7612.0200
1789479900,7605.8301
1789480200,7608.0698
1789480500,7607.5698
1789480800,7601.1001
1789481100,7596.6602
1789481400,7591.1602
1789481700,7592.9399
1789482000,7587.4502
1789482300,7586.3701
1789482600,7583.8999
1789482900,7582.5000
1789483200,7582.7100
1789483500,7580.6899
1789483800,7576.5698
1789484100,7575.5801
1789484400,7582.5601
1789484700,7579.8701
1789485000,7581.3398
1789485300,7583.9399
1789485600,7585.9800
1789485900,7585.2500
1789486200,7584.2002
1789486500,7584.3799
1789486800,7586.6802
1789487100,7581.1699
1789487400,7582.9502
1789487700,7582.5898
1789488000,7584.4600
1789488300,7578.5098
1789488600,7578.8198
1789488900,7581.7002
1789489200,7587.8701
1789489500,7587.0698
1789489800,7588.0898
1789490100,7586.6699
1789490400,7587.0601
1789490700,7585.5498
1789491000,7590.8301
1789491300,7588.4302
1789491600,7583.8501
1789491900,7583.6001
1789492200,7582.4902
1789492500,7581.0000
1789492800,7578.1899
1789493100,7579.6602
1789493400,7582.1699
1789493700,7582.4902
1789494000,7582.6401
1789494300,7581.1602
1789494600,7583.8599
1789494900,7584.1099
1789495200,7586.2900
1789495500,7588.1201
1789495800,7589.2402
1789496100,7586.9302
1789496400,7585.7402
1789496700,7588.0298
1789497000,7583.5801
1789497300,7583.7300
1789497600,7583.1001
1789497900,7579.6602
1789498200,7582.3701
1789498500,7586.2900
1789498800,7585.1899
1789499100,7584.7402
1789499400,7583.0400
1789499700,7583.4102
1789500000,7582.3501
1789500300,7581.2300
1789500600,7580.2998
1789500900,7578.1001
1789501200,7578.4102
1789501500,7580.8301
1789501800,7581.3501
1789502100,7585.5098
1789565400,7603.8101
1789565700,7598.4102
1789566000,7598.8398
1789566300,7609.7002
1789566600,7613.3901
1789566900,7614.0400
1789567200,7608.7402
1789567500,7608.2500
1789567800,7606.4800
1789568100,7604.6602
1789568400,7601.1001
1789568700,7600.6499
1789569000,7602.5898
1789569300,7604.5498
1789569600,7609.7798
1789569900,7607.4600
1789570200,7608.1201
1789570500,7612.9302
1789570800,7616.1699
1789571100,7620.3599
1789571400,7618.6099
1789571700,7617.1401
1789572000,7616.5298
1789572300,7615.0400
1789572600,7612.8901
1789572900,7615.1099
1789573200,7616.7700
1789573500,7621.7402
1789573800,7619.6602
1789574100,7618.2798
1789574400,7614.6602
1789574700,7615.8599
1789575000,7614.6099
1789575300,7614.3799
1789575600,7611.5200
1789575900,7612.7402
1789576200,7608.2402
1789576500,7610.2998
1789576800,7610.3901
1789577100,7612.0698
1789577400,7609.8301
1789577700,7609.3101
1789578000,7605.2798
1789578300,7606.7402
1789578600,7608.5200
1789578900,7608.6401
1789579200,7607.6299
1789579500,7610.3799
1789579800,7609.1899
1789580100,7607.4800
1789580400,7604.1499
1789580700,7606.2900
1789581000,7608.3198
1789581300,7613.3198
1789581600,7613.2998
1789581900,7617.7798
1789582200,7611.1001
1789582500,7611.6802
1789582800,7610.2002
1789583100,7608.6699
1789583400,7589.0698
1789583700,7590.0000
1789584000,7602.3198
1789584300,7587.7700
1789584600,7563.2402
1789584900,7550.3301
1789585200,7558.8301
1789585500,7543.9102
1789585800,7525.3101
1789586100,7519.7300
1789586400,7517.5200
1789586700,7523.7300
1789587000,7536.8198
1789587300,7535.3101
1789587600,7533.5200
1789587900,7545.8301
1789588200,7552.1099
1789588500,7553.3301
1789651800,7625.6699
1789652100,7623.8101
1789652400,7621.6899
1789652700,7625.7900
1789653000,7622.3198
1789653300,7623.3198
1789653600,7617.7202
1789653900,7613.1401
1789654200,7622.0498
1789654500,7625.2798
1789654800,7630.7002
1789655100,7627.8501
1789655400,7631.0801
1789655700,7628.2700
1789656000,7630.4399
1789656300,7624.2002
1789656600,7617.8999
1789656900,7619.1802
1789657200,7617.6899
1789657500,7619.0498
1789657800,7622.8799
1789658100,7626.4702
1789658400,7624.4600
1789658700,7627.2700
1789659000,7629.0898
1789659300,7631.5601
1789659600,7634.4902
1789659900,7634.2100
1789660200,7635.6001
1789660500,7636.2300
1789660800,7635.3301
1789661100,7636.5498
1789661400,7634.0898
1789661700,7635.1499
1789662000,7636.4302
1789662300,7636.9199
1789662600,7632.5298
1789662900,7633.1802
1789663200,7637.8901
1789663500,7636.3901
1789663800,7635.7100
1789664100,7635.6001
1789664400,7637.7598
1789664700,7635.7100
1789665000,7634.1001
1789665300,7633.3901
1789665600,7630.5698
1789665900,7631.4600
1789666200,7634.0801
1789666500,7633.7798
1789666800,7635.8901
1789667100,7636.3301
1789667400,7635.3198
1789667700,7637.9902
1789668000,7638.8198
1789668300,7635.8799
1789668600,7638.5698
1789668900,7639.7598
1789669200,7636.7998
1789669500,7638.4502
1789669800,7636.2798
1789670100,7633.1699
1789670400,7635.1899
1789670700,7636.3901
1789671000,7634.6299
1789671300,7635.9702
1789671600,7639.9702
1789671900,7639.5000
1789672200,7639.1099
1789672500,7640.3101
1789672800,7637.6699
1789673100,7637.4199
1789673400,7639.7998
1789673700,7641.1499
1789674000,7642.4199
1789674300,7639.3398
1789674600,7642.5400
1789674900,7637.0498
1789738200,7643.1602
1789738500,7640.8198
1789738800,7640.0298
1789739100,7635.6001
1789739400,7630.9502
1789739700,7628.0498
1789740000,7621.5601
1789740300,7624.2300
1789740600,7621.7900
1789740900,7623.3301
1789741200,7622.2002
1789741500,7623.9800
1789741800,7622.6499
1789742100,7625.3799
1789742400,7620.4800
1789742700,7625.3198
1789743000,7628.6499
1789743300,7629.3301
1789743600,7627.5200
1789743900,7628.0298
1789744200,7625.8301
1789744500,7628.3799
1789744800,7628.7998
1789745100,7630.2300
1789745400,7627.9199
1789745700,7623.4502
1789746000,7622.9399
1789746300,7621.6699
1789746600,7620.3398
1789746900,7620.7002
1789747200,7619.0000
1789747500,7621.7700
1789747800,7621.2402
1789748100,7621.5000
1789748400,7613.3198
1789748700,7618.1299
1789749000,7621.6099
1789749300,7619.9302
1789749600,7621.0801
1789749900,7621.8599
1789750200,7624.9102
1789750500,7624.0698
1789750800,7623.9600
1789751100,7623.7500
1789751400,7623.7002
1789751700,7623.5801
1789752000,7625.2402
1789752300,7624.6499
1789752600,7624.3101
1789752900,7626.9302
1789753200,7628.0298
1789753500,7626.8398
1789753800,7628.2002
1789754100,7628.3901
1789754400,7629.4199
1789754700,7628.3701
1789755000,7628.7402
1789755300,7631.1299
1789755600,7633.3799
1789755900,7634.5898
1789756200,7634.8901
1789756500,7633.8799
1789756800,7635.4502
1789757100,7642.8799
1789757400,7645.2002
1789757700,7642.0801
1789758000,7643.5298
1789758300,7642.0698
1789758600,7641.6299
1789758900,7641.6201
1789759200,7640.2300
1789759500,7638.6802
1789759800,7637.0498
1789760100,7641.3398
1789760400,7643.9302
1789760700,7646.0200
1789761000,7644.4399
1789761300,7646.0400
1789997400,7695.0698
1789997700,7697.4902
1789998000,7698.6602
1789998300,7700.2300
1789998600,7705.9199
1789998900,7708.3101
1789999200,7705.8799
1789999500,7703.8198
1789999800,7708.5098
1790000100,7714.6201
1790000400,7720.6001
1790000700,7720.7300
1790001000,7721.8999
1790001300,7723.2202
1790001600,7720.1699
1790001900,7720.7598
1790002200,7722.2402
1790002500,7722.7700
1790002800,7724.9502
1790003100,7725.4600
1790003400,7728.0801
1790003700,7731.8301
1790004000,7730.0801
1790004300,7728.8198
1790004600,7728.9399
1790004900,7735.6099
1790005200,7737.1699
1790005500,7739.7998
1790005800,7737.0498
1790006100,7737.6299
1790006400,7741.0400
1790006700,7746.3501
1790007000,7745.9199
1790007300,7746.5200
1790007600,7746.6602
1790007900,7748.9102
1790008200,7754.1099
1790008500,7749.5098
1790008800,7750.4102
1790009100,7752.6299
1790009400,7751.7598
1790009700,7753.4302
1790010000,7753.3101
1790010300,7754.3398
1790010600,7758.5498
1790010900,7758.8501
1790011200,7756.0898
1790011500,7758.1201
1790011800,7754.2100
1790012100,7753.8501
1790012400,7759.3901
1790012700,7758.3301
1790013000,7759.7700
1790013300,7759.7700
1790013600,7761.5898
1790013900,7762.4302
1790014200,7762.7998
1790014500,7763.6201
1790014800,7768.3799
1790015100,7768.7700
1790015400,7767.2700
1790015700,7769.0801
1790016000,7770.8301
1790016300,7773.2598
1790016600,7774.7798
1790016900,7772.9902
1790017200,7772.0098
1790017500,7772.0200
1790017800,7774.7002
1790018100,7774.0000
1790018400,7771.2100
1790018700,7771.2700
1790019000,7775.2798
1790019300,7778.1802
1790019600,7774.8301
1790019900,7772.7300
1790020200,7767.5000
1790020500,7764.2202
1790083800,7779.1401
1790084100,7781.8799
1790084400,7777.1299
1790084700,7773.7300
1790085000,7771.1802
1790085300,7768.5801
1790085600,7771.5200
1790085900,7768.6001
1790086200,7774.0498
1790086500,7769.5698
1790086800,7768.7002
1790087100,7766.4502
1790087400,7768.4399
1790087700,7765.9199
1790088000,7764.0098
1790088300,7767.2300
1790088600,7765.6201
1790088900,7764.8701
1790089200,7765.6201
1790089500,7764.1001
1790089800,7766.1699
1790090100,7766.6001
1790090400,7765.3599
1790090700,7763.8101
1790091000,7760.6499
1790091300,7757.6802
1790091600,7758.6602
1790091900,7760.1099
1790092200,7758.6602
1790092500,7760.9502
1790092800,7761.1499
1790093100,7763.2300
1790093400,7763.8901
1790093700,7761.4399
1790094000,7758.2700
1790094300,7759.6299
1790094600,7762.7402
1790094900,7760.6099
1790095200,7760.9199
1790095500,7766.7900
1790095800,7765.2900
1790096100,7766.1699
1790096400,7763.9102
1790096700,7763.7100
1790097000,7763.4102
1790097300,7762.9199
1790097600,7762.2798
1790097900,7765.3901
1790098200,7763.8101
1790098500,7762.2700
1790098800,7765.0000
1790099100,7764.5898
1790099400,7770.6802
1790099700,7771.2598
1790100000,7768.6802
1790100300,7771.0698
1790100600,7769.5498
1790100900,7770.9800
1790101200,7773.2002
1790101500,7771.6099
1790101800,7770.6099
1790102100,7768.9199
1790102400,7771.3901
1790102700,7771.5898
1790103000,7770.8701
1790103300,7767.4399
1790103600,7768.9702
1790103900,7768.8599
1790104200,7770.5801
1790104500,7772.6401
1790104800,7772.4199
1790105100,7773.9302
1790105400,7778.4199
1790105700,7778.4702
1790106000,7774.6299
1790106300,7777.3599
1790106600,7773.5601
1790106900,7764.2700
1790170200,7754.5698
1790170500,7752.6001
1790170800,7749.7798
1790171100,7742.1899
1790171400,7738.2100
1790171700,7737.4702
1790172000,7734.9199
1790172300,7729.5098
1790172600,7725.8198
1790172900,7720.7402
1790173200,7718.1699
1790173500,7718.1401
1790173800,7724.4800
1790174100,7719.2402
1790174400,7722.2700
1790174700,7721.6802
1790175000,7733.3701
1790175300,7732.5400
1790175600,7727.8701
1790175900,7729.3198
1790176200,7726.7002
1790176500,7726.8799
1790176800,7728.7202
1790177100,7720.0498
1790177400,7719.8501
1790177700,7719.5601
1790178000,7722.7002
1790178300,7715.3701
1790178600,7717.0698
1790178900,7716.1899
1790179200,7714.0200
1790179500,7715.3701
1790179800,7716.2900
1790180100,7713.3901
1790180400,7713.2300
1790180700,7713.8398
1790181000,7714.0898
1790181300,7712.3799
1790181600,7707.8398
1790181900,7705.4102
1790182200,7700.4199
1790182500,7703.6499
1790182800,7697.0898
1790183100,7701.1001
1790183400,7700.7100
1790183700,7708.3999
1790184000,7702.0898
1790184300,7702.8701
1790184600,7705.3799
1790184900,7703.2100
1790185200,7714.2998
1790185500,7714.3301
1790185800,7714.3901
1790186100,7719.5200
1790186400,7711.8301
1790186700,7714.1899
1790187000,7714.8799
1790187300,7715.2700
1790187600,7714.8799
1790187900,7712.7900
1790188200,7710.9102
1790188500,7706.7500
1790188800,7708.3999
1790189100,7710.6299
1790189400,7708.7300
1790189700,7711.3301
1790190000,7707.8101
1790190300,7710.6001
1790190600,7709.0400
1790190900,7707.7500
1790191200,7706.1401
1790191500,7705.9600
1790191800,7709.8599
1790192100,7709.8599
1790192400,7706.0601
1790192700,7709.1401
1790193000,7697.8599
1790193300,7708.5498
1790256600,7676.7300
1790256900,7679.1602
1790257200,7676.2900
1790257500,7678.3999
1790257800,7678.3198
1790258100,7683.6699
1790258400,7689.9502
1790258700,7692.5000
1790259000,7690.2998
1790259300,7692.3198
1790259600,7688.4702
1790259900,7690.0200
1790260200,7688.5801
1790260500,7688.8999
1790260800,7682.0801
1790261100,7682.8999
1790261400,7678.1802
1790261700,7674.6201
1790262000,7673.8799
1790262300,7670.7402
1790262600,7663.1499
1790262900,7668.5098
1790263200,7674.6699
1790263500,7666.2598
1790263800,7665.0498
1790264100,7666.9302
1790264400,7670.4702
1790264700,7665.7998
1790265000,7672.3198
1790265300,7673.0601
1790265600,7670.4800
1790265900,7668.3901
1790266200,7671.4399
1790266500,7697.2202
1790266800,7699.7002
1790267100,7701.0000
1790267400,7698.7500
1790267700,7707.2798
1790268000,7706.6401
1790268300,7715.6201
1790268600,7710.5801
1790268900,7713.8799
1790269200,7712.0698
1790269500,7712.5400
1790269800,7714.0898
1790270100,7705.7798
1790270400,7704.4302
1790270700,7702.5298
1790271000,7698.6699
1790271300,7699.6201
1790271600,7692.4302
1790271900,7696.8301
1790272200,7695.4302
1790272500,7699.5498
1790272800,7687.1099
1790273100,7697.4800
1790273400,7700.2300
1790273700,7703.0000
1790274000,7701.8301
1790274300,7706.5000
1790274600,7701.4502
1790274900,7707.6401
1790275200,7705.3901
1790275500,7705.9199
1790275800,7707.6602
1790276100,7709.6499
1790276400,7701.7500
1790276700,7704.5000
1790277000,7703.3501
1790277300,7706.9600
1790277600,7708.1099
1790277900,7706.0400
1790278200,7707.4600
1790278500,7707.6802
1790278800,7706.5601
1790279100,7704.2900
1790279400,7710.0601
1790279700,7703.8301
1790343000,7726.5098
1790343300,7727.7998
1790343600,7725.7700
1790343900,7725.6099
1790344200,7731.5898
1790344500,7727.4702
1790344800,7706.2500
1790345100,7706.5898
1790345400,7698.8198
1790345700,7700.5200
1790346000,7705.1802
1790346300,7704.1499
1790346600,7708.2798
1790346900,7712.7402
1790347200,7708.9800
1790347500,7713.2402
1790347800,7711.9902
1790348100,7717.7300
1790348400,7724.2900
1790348700,7721.8101
1790349000,7719.5200
1790349300,7715.4800
1790349600,7716.5400
1790349900,7717.9302
1790350200,7720.8398
1790350500,7712.8398
1790350800,7708.0400
1790351100,7712.5098
1790351400,7714.5000
1790351700,7728.3999
1790352000,7742.2300
1790352300,7745.1001
1790352600,7745.3398
1790352900,7739.6201
1790353200,7733.8198
1790353500,7744.9102
1790353800,7736.5000
1790354100,7739.9399
1790354400,7741.9502
1790354700,7736.9199
1790355000,7738.5000
1790355300,7734.9902
1790355600,7740.1802
1790355900,7740.7002
1790356200,7742.6699
1790356500,7738.8198
1790356800,7741.8501
1790357100,7742.8599
1790357400,7737.9199
1790357700,7739.4199
1790358000,7739.6201
1790358300,7741.0698
1790358600,7737.6699
1790358900,7741.7700
1790359200,7741.2100
1790359500,7741.4199
1790359800,7744.8799
1790360100,7743.1499
1790360400,7743.1201
1790360700,7738.6299
1790361000,7742.2402
1790361300,7736.5898
1790361600,7740.2900
1790361900,7738.6699
1790362200,7736.3901
1790362500,7736.3599
1790362800,7735.4600
1790363100,7736.8799
1790363400,7740.5698
1790363700,7738.2300
1790364000,7735.4302
1790364300,7732.7900
1790364600,7732.2798
1790364900,7739.0498
1790365200,7741.4600
1790365500,7746.3999
1790365800,7747.4302
1790366100,7742.3198
1790366400,7743.4102
1790602200,7706.3901
1790602500,7703.1001
1790602800,7704.9399
1790603100,7709.9502
1790603400,7711.3701
1790603700,7712.3599
1790604000,7706.2798
1790604300,7706.7202
1790604600,7701.6099
1790604900,7704.5000
1790605200,7706.2998
1790605500,7703.5898
1790605800,7700.6699
1790606100,7693.4399
1790606400,7682.2202
1790606700,7671.4399
1790607000,7668.9702
1790607103,7673.7402
1790607150,7672.7598
1790607300,7671.0498
1790607600,7675.1899
1790607900,7685.1899
1790608200,7680.3301
1790608500,7680.5200
1790608800,7677.4902
1790609100,7679.2798
1790609400,7679.7402
1790609700,7685.9399
1790610000,7678.2598
1790610300,7678.5200
1790610600,7681.0098
1790610900,7684.5000
1790611200,7682.0801
1790611500,7685.2500
1790611800,7683.3901
1790612100,7694.3901
1790612400,7706.9902
1790612700,7716.9102
1790613000,7707.8799
1790613300,7704.1499
1790613600,7699.5400
1790613900,7697.7300
1790614200,7701.2500
1790614500,7701.2402
1790614800,7697.5801
1790615100,7695.8799
1790615400,7717.5298
1790615700,7703.0498
1790616000,7703.1299
1790616300,7699.6699
1790616600,7700.8501
1790616900,7700.9600
1790617200,7701.0400
1790617500,7702.8999
1790617800,7703.5098
1790618100,7702.3599
1790618400,7703.5498
1790618700,7702.1802
1790619000,7703.7402
1790619300,7699.8301
1790619600,7697.4702
1790619900,7698.5000
1790620200,7697.4902
1790620500,7693.4399
1790620800,7700.2700
1790621100,7701.0098
1790621400,7699.8999
1790621700,7698.9800
1790622000,7695.2700
1790622300,7692.2900
1790622600,7688.2402
1790622900,7688.4702
1790623200,7689.3701
1790623500,7689.1099
1790623800,7688.2100
1790624100,7680.9199
1790624400,7683.5200
1790624700,7681.8599
1790625000,7678.1499
1790625300,7684.5000
1790625600,7683.6899
